title,year
"10,000 B.C.",2008
After Earth,2013
The Hundred-Foot Journey,2014
102 Dalmatians,2000
127 Hours,2010
13 Going on 30,2004
13 Hours: The Secret Soldiers of Benghazi,2016
The 13th Warrior,1999
1408,2007
Tomorrowland,2015
2012,2009
21,2008
21 and Over,2013
21 Grams,2003
21 Jump Street,2012
22 Jump Street,2014
25th Hour,2002
27 Dresses,2008
28 Days,2000
2 Fast 2 Furious,2003
2 Guns,2013
300,2007
300: Rise of An Empire,2014
30 Days of Night,2007
30 Minutes or Less,2011
3:10 to Yuma,2007
The Three Burials of Melquiades Estrada,2005
The 40-Year-Old Virgin,2005
42,2013
47 Ronin,2013
50/50,2011
50 First Dates,2004
5 Days of War,2011
The 5th Wave,2016
The 6th Day,2000
8 Mile,2002
8MM,1999
9,2009
90 Minutes in Heaven,2015
99 Homes,2015
Abandon,2002
Abduction,2011
A Better Life,2011
About a Boy,2002
About Schmidt,2002
Abraham Lincoln: Vampire Hunter,2012
Accepted,2006
Act of Valor,2012
Burnt,2015
Adaptation.,2002
Admission,2013
Aeon Flux,2005
After the Sunset,2004
Agent Cody Banks,2003
Agent Cody Banks 2: Destination London,2004
A.I. Artificial Intelligence,2001
Air Force One,1997
Akeelah and the Bee,2006
A Knight's Tale,2001
The Alamo,2004
Alex and Emma,2003
Alexander,2004
"Alexander and the Terrible, Horrible, No Good, Very Bad Day",2014
Alex Cross,2012
Alfie,2004
Ali,2001
Alice Through the Looking Glass,2016
Alice in Wonderland,2010
Alien 3,1992
Aliens in the Attic,2009
All About the Benjamins,2002
All the King's Men,2006
All the Pretty Horses,2000
Edge of Tomorrow,2014
Project Almanac,2015
Alone in the Dark,2005
Alone Yet Not Alone,2013
Along Came a Spider,2001
Along Came Polly,2004
A Long Way Off,2014
Alvin and the Chipmunks: Chipwrecked,2011
Alvin and the Chipmunks,2007
Alvin and the Chipmunks: The Squeakquel,2009
Amelia,2009
Amelie,2001
The American,2010
American Beauty,1999
An American Carol,2008
American Dreamz,2006
American Gangster,2007
An American Haunting,2006
American Pie,1999
American Pie 2,2001
American Reunion,2012
American Ultra,2015
American Wedding,2003
An American Werewolf in Paris,1997
America's Sweethearts,2001
Amistad,1997
The Amityville Horror,2005
Anacondas: The Hunt for the Blood Orchid,2004
Analyze That,2002
Anchorman: The Legend of Ron Burgundy,2004
An Everlasting Piece,2000
Angel Eyes,2001
Angels & Demons,2009
Anger Management,2003
The Angry Birds Movie,2016
The Animal,2001
Anna and the King,1999
Annie,2014
Anomalisa,2015
Anonymous,2011
Eight Below,2006
The Ant Bully,2006
Ant-Man,2015
Antz,1998
Any Given Sunday,1999
Anything Else,2003
Anywhere But Here,1999
This Is 40,2012
Apocalypto,2006
Apollo 18,2011
Appaloosa,2008
The Apparition,2012
Aquamarine,2006
Aqua Teen Hunger Force Colon Movie Film for Theaters,2007
That Awkward Moment,2014
Are We There Yet?,2005
Armageddon,1998
Armored,2009
Around the World in 80 Days,2004
Arthur,2011
Arthur and the Invisibles,2006
The Artist,2011
As Good as It Gets,1997
Assault on Precinct 13,2005
Astro Boy,2009
The Astronaut Farmer,2007
The Astronaut's Wife,1999
The A-Team,2010
A Thousand Words,2012
ATL,2006
Atlantis: The Lost Empire,2001
Atlas Shrugged: Part I,2011
Attack the Block,2011
Austin Powers: The Spy Who Shagged Me,1999
Austin Powers in Goldmember,2002
Australia,2008
Marvel's The Avengers,2012
Avengers: Age of Ultron,2015
The Aviator,2004
Alien Vs. Predator,2004
Away We Go,2009
Baby Boy,2001
Babylon A.D.,2008
Baby Mama,2008
The Bachelor,1999
Back to the Future Part II,1989
Back to the Future Part III,1990
The Back-Up Plan,2010
Bad Boys,1995
Bad Boys II,2003
Bad Company,2002
Bad Education,2004
Jackass Presents: Bad Grandpa,2013
Bad News Bears,2005
Bad Santa,2003
Bad Teacher,2011
The Banger Sisters,2002
Bangkok Dangerous,2008
Barbershop,2002
Barbershop 2: Back in Business,2004
Barnyard: The Original Party Animals,2006
Basic Instinct,1992
The Switch,2010
Batman,1989
The Dark Knight Rises,2012
Batman Forever,1995
Batman Returns,1992
Batman and Robin,1997
Battle: Los Angeles,2011
Battleship,2012
Brave,2012
Beastly,2011
Beautiful Creatures,2013
A Beautiful Mind,2001
The Beaver,2011
Be Cool,2005
Bedtime Stories,2008
Bee Movie,2007
Bee Season,2005
Behind Enemy Lines,2001
Being John Malkovich,1999
Believe,2013
The Benchwarmers,2006
Beowulf,2007
The Second Best Exotic Marigold Hotel,2015
The Best Exotic Marigold Hotel,2012
The Best Man,1999
The Best Man Holiday,2013
The Best of Me,2014
Better Luck Tomorrow,2003
Beverly Hills Cop III,1994
Deliver Us From Evil,2014
Bewitched,2005
Beyond Borders,2003
The BFG,2016
Bicentennial Man,1999
Justin Bieber: Never Say Never,2011
Big Fat Liar,2002
Big Fish,2003
Bigger Than the Sky,2005
"Big Mommas: Like Father, Like Son",2011
Big Momma's House,2000
Big Momma's House 2,2006
The Big Short,2015
Big Trouble,2002
The Big Wedding,2013
The Big Year,2011
Biker Boyz,2003
Zero Dark Thirty,2012
Birdman,2014
Birth,2004
Beyond the Lights,2014
Black Book,2007
The Black Dahlia,2006
Black Hawk Down,2001
Black Knight,2001
Black or White,2015
Black Snake Moan,2007
Black Swan,2010
Blade II,2002
Blade: Trinity,2004
Blades of Glory,2007
The Blair Witch Project,1999
Blended,2014
Blindness,2008
The Blind Side,2009
Dave Chappelle's Block Party,2006
Blood Diamond,2006
BloodRayne,2006
Blood Work,2002
Blow,2001
Blue Crush,2002
Blue Streak,1999
Blue Valentine,2010
The Visit,2015
The Gift,2015
Pirate Radio,2009
Boat Trip,2003
Bobby Jones: Stroke of Genius,2004
Body of Lies,2008
Bolt,2008
Skyfall,2012
Spectre,2015
The Bone Collector,1999
Takers,2010
Boogeyman,2005
The Book of Eli,2010
The Book of Life,2014
The Boondock Saints II: All Saints Day,2009
Borat: Cultural Learnings of America for Make Benefit Glorious Nation of Kazakhstan,2006
Bucky Larson: Born to Be a Star,2011
The Bounty Hunter,2010
The Bourne Legacy,2012
The Bourne Identity,2002
The Bourne Supremacy,2004
The Bourne Ultimatum,2007
Bowfinger,1999
Bowling for Columbine,2002
The Box,2009
The Boy,2016
Boyhood,2014
The Boy Next Door,2015
Boys Don't Cry,1999
Braveheart,1995
Breakin' All the Rules,2004
The Twilight Saga: Breaking Dawn Part 1,2011
The Twilight Saga: Breaking Dawn Part 2,2012
The Break-Up,2006
Brick Mansions,2014
Bride and Prejudice,2005
Bride Wars,2009
Bridget Jones: The Edge of Reason,2004
Bridget Jones's Diary,2001
Bringing Down the House,2003
Bringing Out the Dead,1999
Bring It On,2000
Brokeback Mountain,2005
Broken City,2013
Brooklyn's Finest,2010
Brotherhood of the Wolf,2002
The Brothers,2001
Brothers,2009
The Brothers Grimm,2005
The Brothers Solomon,2007
Brown Sugar,2002
Bruce Almighty,2003
The Bucket List,2007
A Bug's Life,1998
Bulletproof Monk,2003
The Heat,2013
Burlesque,2010
Burn After Reading,2008
The Incredible Burt Wonderstone,2013
Lee Daniels' The Butler,2013
The Butterfly Effect,2004
By the Sea,2015
The Cable Guy,1996
Cadillac Records,2008
Calendar Girls,2003
The Call,2013
Capote,2005
Captain America: The First Avenger,2011
Captain Corelli's Mandolin,2001
Captain Phillips,2013
Carrie,2013
Cars,2006
Cars 2,2011
Case 39,2010
Cast Away,2000
Catch and Release,2007
The Hunger Games: Catching Fire,2013
Catch Me If You Can,2002
Catch That Kid,2004
The Cat in the Hat,2003
Cats & Dogs,2001
Cats & Dogs: The Revenge of Kitty Galore,2010
Catwoman,2004
Cellular,2004
Central Intelligence,2016
Changeling,2008
The Change-Up,2011
Changing Lanes,2002
Chappie,2015
Charlie Bartlett,2008
Charlie and the Chocolate Factory,2005
Charlie's Angels,2000
Charlie's Angels: Full Throttle,2003
Charlie St. Cloud,2010
Charlie Wilson's War,2007
Charlotte's Web,2006
Chasing Liberty,2004
Cheaper by the Dozen,2003
Cheri,2009
Chicago,2002
Chicken Little,2005
Children of Men,2006
Chill Factor,1999
Chocolat,2000
Christmas at Maxwell's,2006
A Christmas Carol,2009
Christmas with the Kranks,2004
Chronicle,2012
The Chronicles of Riddick,2004
I Now Pronounce You Chuck and Larry,2007
Cinderella,2015
Cinderella Man,2005
A Cinderella Story,2004
Circumstance,2011
Cirque du Freak: The Vampire's Assistant,2009
City by the Sea,2002
City Island,2010
City of Ember,2008
Clash of the Titans,2010
Wrath of the Titans,2012
Code Name: The Cleaner,2007
Clerks II,2006
Cliffhanger,1993
Clockstoppers,2002
Closer,2004
The Walk,2015
Cloudy with a Chance of Meatballs 2,2013
Cloudy with a Chance of Meatballs,2009
Cloverfield,2008
Coach Carter,2005
Killing Them Softly,2012
Cold Mountain,2003
Bridge of Spies,2015
Collateral,2004
Collateral Damage,2002
College,2008
Colombiana,2011
The Company,2003
The Company Men,2011
Con Air,1997
Conan the Barbarian,2011
Concussion,2015
Confessions of a Dangerous Mind,2002
Confidence,2003
The Conjuring,2013
The Conjuring 2,2016
Connie and Carla,2004
The Conspirator,2011
The Constant Gardener,2005
Constantine,2005
Contagion,2011
The Contender,2000
Contraband,2012
Conversations with Other Women,2006
Coraline,2009
The Core,2003
The Counselor,2013
The Count of Monte Cristo,2002
The Country Bears,2002
Country Strong,2010
Cop Out,2010
Couples Retreat,2009
Courageous,2011
Cowboys & Aliens,2011
Cradle 2 the Grave,2003
Crank,2006
The Crazies,2010
crazy/beautiful,2001
Crazy Heart,2009
"Crazy, Stupid, Love.",2011
Creed,2015
Crimson Peak,2015
The Crocodile Hunter: Collision Course,2002
The Croods,2013
Crossroads,2002
"Crouching Tiger, Hidden Dragon",2000
Aloha,2015
Extraordinary Measures,2010
Knight & Day,2010
Cry Wolf,2005
The Curious Case of Benjamin Button,2008
Curious George,2006
Cursed,2005
The Curse of the Jade Scorpion,2001
Unfriended,2015
Cyrus,2010
Daddy Day Care,2003
Dallas Buyers Club,2013
Dance Flick,2009
Danny Collins,2015
Daredevil,2003
The Darjeeling Limited,2007
Dark Blue,2003
The Darkest Hour,2011
Limitless,2011
Darkness Falls,2003
Dark Shadows,2012
Date Movie,2006
Date Night,2010
Not Fade Away,2012
American Hustle,2013
The Da Vinci Code,2006
Dawn of the Planet of the Apes,2014
Dawn of the Dead,2004
The Day After Tomorrow,2004
Daybreakers,2010
The Day the Earth Stood Still,2008
Deadpool,2016
Dead Silence,2007
Dear John,2010
Death at a Funeral,2007
Death at a Funeral,2010
Death Race,2008
Death to Smoochy,2002
The Debt,2011
Defiance,2008
Deja Vu,2006
Delgo,2008
Delivery Man,2013
De-Lovely,2004
The Departed,2006
Derailed,2005
Despicable Me,2010
Despicable Me 2,2013
Deuce Bigalow: European Gigolo,2005
The Devil Inside,2012
Devil's Due,2014
The Devil's Rejects,2005
The Devil Wears Prada,2006
Diary of a Wimpy Kid,2010
Diary of a Wimpy Kid: Rodrick Rules,2011
Diary of a Wimpy Kid: Dog Days,2012
The Possession,2012
Dickie Roberts: Former Child Star,2003
The Dictator,2012
Die Another Day,2002
Live Free or Die Hard,2007
A Good Day to Die Hard,2013
Dinner for Schmucks,2010
Dirty,2006
Dirty Dancing: Havana Nights,2004
Disaster Movie,2008
Big Hero 6,2014
District 9,2009
Disturbia,2007
Divergent,2014
Django Unchained,2012
DodgeBall: A True Underdog Story,2004
Dogma,1999
Dogville,2004
Dolphin Tale,2011
Dolphin Tale 2,2014
Don Jon,2013
Don't Be Afraid of the Dark,2011
Doom,2005
Dope,2015
Double Jeopardy,1999
Doubt,2008
Dracula Untold,2014
Drag Me to Hell,2009
Dragonfly,2002
Dragon Wars,2007
Dr. Dolittle 2,2001
Dreamcatcher,2003
Dreamer: Inspired by a True Story,2005
The Dreamers,2004
Dream House,2011
Dredd,2012
Drive,2011
Driven,2001
Drumline,2002
Due Date,2010
The Dukes of Hazzard,2005
Duma,2005
Dumb and Dumberer: When Harry Met Lloyd,2003
Dumb and Dumber To,2014
Duplex,2003
Duplicity,2009
Dysfunctional Friends,2012
Eagle Eye,2008
The Eagle,2011
Invictus,2009
Easy A,2010
Eat Pray Love,2010
Earth to Echo,2014
Ballistic: Ecks vs. Sever,2002
The Twilight Saga: Eclipse,2010
Eddie the Eagle,2016
Edge of Darkness,2010
Eight Legged Freaks,2002
Elektra,2005
Elf,2003
Elizabethtown,2005
Ella Enchanted,2004
El Milagro De Marcelino Pan,2012
The Adventures of Elmo in Grouchland,1999
Elysium,2013
The Emperor's New Groove,2000
Empire,2002
Employee of the Month,2006
Enchanted,2007
Ender's Game,2013
Endless Love,2014
End of the Spear,2006
End of Watch,2012
Enemy at the Gates,2001
Enough,2002
Entourage,2015
Envy,2004
The Equalizer,2014
Eragon,2006
Erin Brockovich,2000
Escape From Planet Earth,2013
Eternal Sunshine of the Spotless Mind,2004
Eurotrip,2004
Evan Almighty,2007
Everest,2015
Big Miracle,2012
Everybody's Fine,2009
Everybody Wants to Be Italian,2008
Every Day,2011
Everything Must Go,2011
Evil Dead,2013
Evita,1996
Evolution,2001
Exit Wounds,2001
Ex Machina,2015
Exodus: Gods and Kings,2014
The Exorcism of Emily Rose,2005
Exorcist: The Beginning,2004
The Expendables,2010
The Expendables 2,2012
The Express,2008
Extract,2009
Facing the Giants,2006
The Faculty,1998
Fahrenheit 9/11,2004
Failure to Launch,2006
Fair Game,2010
Fame,2009
The Family Man,2000
The Family Stone,2005
Fantastic Four,2005
Fantastic Four,2015
Fantastic Four: Rise of the Silver Surfer,2007
Fantastic Mr. Fox,2009
Far and Away,1992
Fascination,2005
Fast & Furious 6,2013
Furious 7,2015
The Fast and the Furious,2001
Fast and Furious,2009
Faster,2010
Fast Five,2011
The Fault in our Stars,2014
fear dot com,2002
The Other Guys,2010
Fever Pitch,2005
A Few Good Men,1992
The Fifth Estate,2013
Fifty Shades of Grey,2015
Fight Club,1999
The Fighter,2010
The Fighting Temptations,2003
Filly Brown,2013
Final Destination 3,2006
The Final Destination,2009
Final Destination 5,2011
Final Fantasy: The Spirits Within,2001
Finding Neverland,2004
Find Me Guilty,2006
Fired Up,2009
Fireproof,2008
The Five-Year Engagement,2012
Flags of Our Fathers,2006
Flicka,2006
Flight,2012
Flight of the Phoenix,2004
The Flintstones,1994
The Flintstones in Viva Rock Vegas,2000
Flipped,2010
Flushed Away,2006
Flyboys,2006
Fly Me to the Moon,2008
The Fog,2005
Fool's Gold,2008
Footloose,2011
For Colored Girls,2010
The Forsaken,2001
The Forest,2016
Forgetting Sarah Marshall,2008
The Forgotten,2004
For Love of the Game,1999
Formula 51,2002
The Fountain,2006
Four Brothers,2005
Four Christmases,2008
The Four Feathers,2002
Frailty,2002
Frankenweenie,2012
Freaky Friday,2003
Freddy Got Fingered,2001
Freddy Vs. Jason,2003
Freedom Writers,2007
Free State of Jones,2016
Frida,2002
Friday Night Lights,2004
Friday the 13th,2009
No Strings Attached,2011
Friends with Benefits,2011
Fright Night,2011
From Justin to Kelly,2003
From Paris with Love,2010
Frost/Nixon,2008
Frozen,2013
Full Frontal,2002
Funny People,2009
Fun Size,2012
Fun with Dick and Jane,2005
Furry Vengeance,2010
Fury,2014
Mad Max: Fury Road,2015
The Future,2011
G-Force,2009
Galaxy Quest,1999
The Gambler,2014
Gangs of New York,2002
Gangster's Paradise: Jerusalema,2010
Gangster Squad,2013
Garfield: The Movie,2004
Gentlemen Broncos,2009
Getaway,2013
Get Hard,2015
Get Him to the Greek,2010
Get Rich or Die Tryin',2005
Get Smart,2008
Ghost Rider,2007
Ghost Rider: Spirit of Vengeance,2012
Ghost Ship,2002
Ghost Town,2008
Gigli,2003
G.I. Joe: The Rise of Cobra,2009
G.I. Joe: Retaliation,2013
The Girl with the Dragon Tattoo,2011
"Girl, Interrupted",1999
The Giver,2014
Gladiator,2000
Glee The 3D Concert Movie,2011
Glitter,2001
The Godfather Part III,1990
Gods and Generals,2003
Godsend,2004
God's Not Dead,2014
Gods of Egypt,2016
Godzilla,1998
Godzilla 2000,2000
Godzilla,2014
Going the Distance,2010
The Golden Compass,2007
Gone Baby Gone,2007
Gone Girl,2014
Gone in 60 Seconds,2000
Good Boy!,2003
The Good Girl,2002
The Good Guy,2010
"Good Night, and Good Luck.",2005
"The Goods: Live Hard, Sell Hard",2009
The Good Thief,2003
A Good Year,2006
Goosebumps,2015
The Gospel,2005
The Gospel of John,2003
Gothika,2003
Gracie,2007
The Grand Budapest Hotel,2014
Grandma,2015
Gran Torino,2008
Did You Hear About the Morgans?,2009
Gravity,2013
The Great Gatsby,2013
The Great Raid,2005
The Green Hornet,2011
The Green Inferno,2015
Green Lantern,2011
The Green Mile,1999
Green Zone,2010
The Grey,2012
Gridiron Gang,2006
Grind,2003
Grindhouse,2007
Grown Ups,2010
Grown Ups 2,2013
The Grudge,2004
The Grudge 2,2006
Grudge Match,2013
Rise of the Guardians,2012
Legend of the Guardians: The Owls of Ga'Hoole,2010
Gulliver's Travels,2010
The Gunman,2015
A Guy Thing,2003
"Hail, Caesar!",2016
Halloween II,2009
Halloween: Resurrection,2002
Hall Pass,2011
Hamlet 2,2008
Hancock,2008
Hanging Up,2000
The Hangover,2009
The Hangover Part II,2011
The Hangover Part III,2013
Hanna,2011
Hannibal,2001
Hansel and Gretel: Witch Hunters,2013
The Happening,2008
Happy Feet,2006
She's Out of My League,2010
Harold and Kumar Go to White Castle,2004
Harold and Kumar Escape from Guantanamo Bay,2008
A Very Harold & Kumar 3D Christmas,2011
Harry Potter and the Sorcerer's Stone,2001
Harry Potter and the Chamber of Secrets,2002
Harry Potter and the Prisoner of Azkaban,2004
Harry Potter and the Goblet of Fire,2005
Harry Potter and the Order of the Phoenix,2007
Harry Potter and the Half-Blood Prince,2009
Hart's War,2002
A Haunted House 2,2014
The Haunted Mansion,2003
The Haunting,1999
Haywire,2012
Head Over Heels,2001
Heartbreakers,2001
In the Heart of the Sea,2015
Heaven is for Real,2014
Killers,2010
Hellboy,2004
Hellboy II: The Golden Army,2008
The Help,2011
Her,2013
Herbie: Fully Loaded,2005
Hercules,2014
The Legend of Hercules,2014
Hereafter,2010
Here on Earth,2000
Hero,2004
Hesher,2011
Hey Arnold! The Movie,2002
Hidalgo,2004
High Crimes,2002
High Fidelity,2000
Highlander: Endgame,2000
High School Musical 3: Senior Year,2008
The Hills Have Eyes,2006
The Hills Have Eyes 2,2007
A History of Violence,2005
Hit and Run,2012
Hitch,2005
The Hitchhiker's Guide to the Galaxy,2005
Hitman: Agent 47,2015
Dr. Seuss' Horton Hears a Who!,2008
The Dilemma,2011
Hulk,2003
The Human Stain,2003
The Hunger Games,2012
The Hunger Games: Mockingjay - Part 1,2014
The Hunger Games: Mockingjay - Part 2,2015
The Hunted,2003
The Huntsman: Winter's War,2016
The Hurricane,1999
The Hurt Locker,2009
I Am Legend,2007
I Am Number Four,2011
Ice Age,2002
Ice Age: The Meltdown,2006
Ice Age: Dawn of the Dinosaurs,2009
Ice Age: Continental Drift,2012
Independence Day: Resurgence,2016
Identity,2003
Identity Thief,2013
I Don't Know How She Does It,2011
If I Stay,2014
"I, Frankenstein",2014
Igby Goes Down,2002
Igor,2008
That's My Boy,2012
I Heart Huckabees,2004
The Secret Life of Pets,2016
I Love You Beth Cooper,2009
"I Love You, Phillip Morris",2010
Imagine That,2009
Impostor,2002
Inception,2010
The Incredible Hulk,2008
The Incredibles,2004
Indiana Jones and the Kingdom of the Crystal Skull,2008
Indiana Jones and the Last Crusade,1989
Indiana Jones and the Temple of Doom,1984
In Dreams,1999
The Informant!,2009
Inglourious Basterds,2009
Inkheart,2009
Inside Deep Throat,2005
Inside Man,2006
The Insider,1999
Insidious Chapter 2,2013
Insidious Chapter 3,2015
Insomnia,2002
Inspector Gadget,1999
Isn't She Great,2000
The Divergent Series: Insurgent,2015
The Intern,2015
The International,2009
The Internship,2013
The Interpreter,2005
Interstellar,2014
In the Line of Fire,1993
Into The Storm,2014
Into the Woods,2014
The Invasion,2007
"I, Robot",2004
Iron Man,2008
Iron Man 2,2010
Iron Man 3,2013
The Island,2005
I Spit on Your Grave,2010
I Spy,2002
The Italian Job,2003
I Think I Love My Wife,2007
It's Complicated,2009
It's Kind of a Funny Story,2010
Jack and Jill,2011
Jackass: The Movie,2002
Jackass 3-D,2010
Jackie Brown,1997
Jack Ryan: Shadow Recruit,2014
Jack the Giant Slayer,2013
Casino Royale,2006
Quantum of Solace,2008
Jarhead,2005
Jason X,2002
J. Edgar,2011
Jeepers Creepers 2,2003
Jem and the Holograms,2015
Jennifer's Body,2009
Jerry Maguire,1996
Jersey Boys,2014
Jersey Girl,2004
The Assassination of Jesse James by the Coward Robert Ford,2007
Jimmy Neutron: Boy Genius,2001
Jobs,2013
Steve Jobs,2015
Joe Somebody,2001
John Carter,2012
Johnny English,2003
Johnny English Reborn,2011
Johnny Mnemonic,1995
John Q.,2002
Johnson Family Vacation,2004
John Tucker Must Die,2006
John Wick,2014
Jonah Hex,2010
The Joneses,2010
Josie and the Pussycats,2001
Journey 2: The Mysterious Island,2012
Journey to the Center of the Earth,2008
Joy,2015
The Judge,2014
Judy Moody and the NOT Bummer Summer,2011
Julie & Julia,2009
Jumper,2008
The Jungle Book 2,2003
The Jungle Book,2016
Jupiter Ascending,2015
The Lost World: Jurassic Park,1997
Jurassic Park III,2001
Jurassic World,2015
Just Like Heaven,2005
Just Married,2003
Just Visiting,2001
K-PAX,2001
K-19: The Widowmaker,2002
Kangaroo Jack,2003
The Karate Kid,2010
Katy Perry: Part of Me,2012
Keanu,2016
Keeping the Faith,2000
The Wedding Ringer,2015
Kick-Ass,2010
Kick-Ass 2,2013
Kicking and Screaming,2005
The Kids Are All Right,2010
Disney's The Kid,2000
Kill Bill Vol. 1,2003
Kill Bill Vol. 2,2004
Killer Elite,2011
Kindergarten Cop,1990
King Arthur,2004
The Kingdom,2007
Kingdom of Heaven,2005
King Kong,2005
Kinsey,2004
Kissing Jessica Stein,2002
"Kiss Kiss, Bang Bang",2005
Kiss of the Dragon,2001
Kit Kittredge: An American Girl,2008
Knocked Up,2007
Knowing,2009
Krampus,2015
Kundun,1997
Kung Fu Hustle,2005
Kung Fu Panda,2008
Kung Fu Panda 2,2011
Kung Pow! Enter the Fist,2002
Labor Day,2014
Lady in the Water,2006
The Ladykillers,2004
The Boxtrolls,2014
The Lake House,2006
Lake Placid,1999
Lakeview Terrace,2008
George A. Romero's Land of the Dead,2005
Land of the Lost,2009
Larry Crowne,2011
Lars and the Real Girl,2007
Last Action Hero,1993
The Last Airbender,2010
The Last Castle,2001
The Last Exorcism Part II,2013
Last Holiday,2006
The Last King of Scotland,2006
The Last Kiss,2006
The Last Samurai,2003
The Last Song,2010
The Last Stand,2013
Last Vegas,2013
The Last Witch Hunter,2015
La Vie en Rose,2007
Law Abiding Citizen,2009
Laws of Attraction,2004
Epic,2013
The League of Extraordinary Gentlemen,2003
Leap Year,2010
Leatherheads,2008
Left Behind,2014
"Legally Blonde 2: Red, White and Blonde",2003
The Legend of Bagger Vance,2000
Legends of Oz: Dorothy's Return,2014
Legion,2010
The LEGO Movie,2014
Lemony Snicket's A Series of Unfortunate Events,2004
Les Miserables,2012
Let's Be Cops,2014
Letters from Iwo Jima,2006
Letters to God,2010
Letters to Juliet,2010
Let Me In,2010
The Life Aquatic with Steve Zissou,2004
Life as We Know It,2010
The Life of David Gale,2003
Life of Pi,2012
"Life, or Something Like It",2002
Light it Up,1999
Like Mike,2002
Lilo & Stitch,2002
The Limey,1999
Lincoln,2012
The Lincoln Lawyer,2011
Lions for Lambs,2007
Little Black Book,2004
Little Children,2006
Little Man,2006
Little Miss Sunshine,2006
Little Women,1994
The Lives of Others,2007
The Lizzie McGuire Movie,2003
Local Color,2007
Lockout,2012
London Has Fallen,2016
The Lone Ranger,2013
Lone Survivor,2013
The Longest Yard,2005
The Lookout,2007
Looney Tunes: Back in Action,2003
Looper,2012
Dr. Seuss' The Lorax,2012
Lord of War,2005
Lords of Dogtown,2005
Loser,2000
The Losers,2010
Lost in Translation,2003
The Lost Skeleton of Cadavra,2004
A Lot Like Love,2005
Lottery Ticket,2010
Love Actually,2003
Love & Basketball,2000
Love and Other Drugs,2010
The Love Guru,2008
The Love Letter,1999
The Lovely Bones,2009
Love,2015
Love's Abiding Joy,2006
Love the Coopers,2015
Lucy,2014
"Lust, Caution",2007
Luther,2003
MacGruber,2010
Machine Gun Preacher,2011
Madagascar: Escape 2 Africa,2008
Madagascar 3: Europe's Most Wanted,2012
Tyler Perry's Madea's Family Reunion,2006
Tyler Perry's Madea's Witness Protection,2012
Made of Honor,2008
Magic Mike,2012
Magnolia,1999
Maid in Manhattan,2002
The Majestic,2001
The Family,2013
Maleficent,2014
Malibu's Most Wanted,2003
Paul Blart: Mall Cop,2009
Mama,2013
Mamma Mia!,2008
A Man Apart,2003
The Manchurian Candidate,2004
Blackhat,2015
Man on a Ledge,2012
Man on Fire,2004
Man on the Moon,1999
The Man with the Iron Fists,2012
Marci X,2003
Marie Antoinette,2006
Marmaduke,2010
Mars Needs Moms,2011
Captain America: The Winter Soldier,2014
Guardians of the Galaxy,2014
Captain America: Civil War,2016
Master and Commander: The Far Side of the World,2003
Megamind,2010
The Master of Disguise,2002
Match Point,2005
The Matrix,1999
The Matrix Reloaded,2003
The Matrix Revolutions,2003
Max,2015
Max Payne,2008
The Maze Runner,2014
Maze Runner: The Scorch Trials,2015
Me and Earl and the Dying Girl,2015
Me and Orson Welles,2009
Mean Girls,2004
Me Before You,2016
The Mechanic,2011
Meet Dave,2008
Meet the Fockers,2004
Little Fockers,2010
Meet the Parents,2000
Memento,2001
Memoirs of a Geisha,2005
"Me, Myself and Irene",2000
Men in Black,1997
Men in Black II,2002
The Men Who Stare at Goats,2009
The Messenger: The Story of Joan of Arc,1999
The Messengers,2007
Metallica Through the Never,2013
The Mexican,2001
Mission: Impossible II,2000
Mission: Impossible III,2006
Mission: Impossible - Ghost Protocol,2011
Mission: Impossible - Rogue Nation,2015
Miami Vice,2006
MIB 3,2012
Capitalism: A Love Story,2009
The Boss,2016
Mickey Blue Eyes,1999
Middle Men,2010
Midnight in Paris,2011
A Mighty Heart,2007
Mighty Joe Young,1998
The Mighty Macs,2011
Mike and Dave Need Wedding Dates,2016
Milk,2008
Million Dollar Arm,2014
Million Dollar Baby,2004
A Million Ways to Die in the West,2014
Minions,2015
Minority Report,2002
Miracle at St. Anna,2008
Miracles from Heaven,2016
Miss Congeniality,2000
Mission: Impossible,1996
Mission to Mars,2000
The Mist,2007
Moms' Night Out,2014
Mona Lisa Smile,2003
Moneyball,2011
Money Monster,2016
Mongol,2008
Monster,2003
Monster House,2006
Monster-in-Law,2005
Monster's Ball,2001
Monsters Vs. Aliens,2009
Monte Carlo,2011
The Monuments Men,2014
Moonlight Mile,2002
Moonrise Kingdom,2012
Morning Glory,2010
The Mortal Instruments: City of Bones,2013
Mortdecai,2015
Mother's Day,2016
The Mothman Prophecies,2002
Moulin Rouge!,2001
Mouse Hunt,1997
Movie 43,2013
Mr. & Mrs. Smith,2005
Mr. Brooks,2007
Mr. Deeds,2002
Mr. Magoo,1997
Mr. Peabody & Sherman,2014
Mr. Popper's Penguins,2011
The Mummy,1999
The Mummy: Tomb of the Dragon Emperor,2008
The Mummy Returns,2001
Munich,2005
Muppets Most Wanted,2014
Muppets from Space,1999
Murder by Numbers,2002
The Muse,1999
Music of the Heart,1999
The Musketeer,2001
Must Love Dogs,2005
My Baby's Daddy,2004
My Best Friend's Girl,2008
My Big Fat Greek Wedding,2002
My Bloody Valentine 3-D,2009
My Boss's Daughter,2003
My Dog Skip,2000
The Guilt Trip,2012
My Sister's Keeper,2009
My Soul to Take,2010
"Mystery, Alaska",1999
Mystery Men,1999
Mystic River,2003
Nacho Libre,2006
Nanny McPhee,2006
Nanny McPhee Returns,2010
Napoleon Dynamite,2004
"The Chronicles of Narnia: The Lion, the Witch and the Wardrobe",2005
The Chronicles of Narnia: Prince Caspian,2008
The Chronicles of Narnia: The Voyage of the Dawn Treader,2010
National Treasure,2004
The Nativity Story,2006
Nebraska,2013
Need for Speed,2014
The Watch,2012
Sisters,2015
Never Back Down,2008
Never Let Me Go,2010
The New Guy,2002
Vacation,2015
The Gallows,2015
The Twilight Saga: New Moon,2009
New Suit,2003
The New World,2005
New Year's Eve,2011
New York Minute,2004
The Next Best Thing,2000
Next Friday,2000
The Next Three Days,2010
Nick and Norah's Infinite Playlist,2008
Night at the Museum: Battle of the Smithsonian,2009
Night at the Museum: Secret of the Tomb,2014
A Nightmare on Elm Street,2010
Nim's Island,2008
Nine,2009
The Ninth Gate,2000
Ninja Assassin,2009
Noah,2014
No Good Deed,2003
Non-Stop,2014
Norbit,2007
North Country,2005
Not Another Teen Movie,2001
Not Easily Broken,2009
The Notebook,2004
Notorious,2009
Robin Hood,2010
Notting Hill,1999
In Time,2011
Now You See Me,2013
The Number 23,2007
Nurse Betty,2000
The Nutcracker in 3D,2010
The Nut Job,2014
The Nutty Professor,1996
The Nutty Professor II: The Klumps,2000
Oblivion,2013
Observe and Report,2009
Obsessed,2009
Oceans,2010
Ocean's Eleven,2001
Ocean's Twelve,2004
Oculus,2014
Chasing Mavericks,2012
Oldboy,2013
Old Dogs,2009
Old School,2003
Oliver Twist,2005
Olympus Has Fallen,2013
The Omega Code,1999
The Omen,2006
Once,2007
Once Upon a Time in Mexico,2003
One Day,2011
One Direction: This is Us,2013
One For the Money,2012
One Hour Photo,2002
One Missed Call,2008
One Night at McCool's,2001
One Night with the King,2006
Jack Reacher,2012
Oogieloves In The BIG Balloon Adventure,2012
Open Range,2003
Open Season,2006
Open Water,2004
The Original Kings of Comedy,2000
Osama,2004
The Other Boleyn Girl,2008
The Others,2001
The Other Woman,2014
Ouija,2014
Our Brand Is Crisis,2015
Our Idiot Brother,2011
Out Cold,2001
Outfoxed: Rupert Murdoch's War on Journalism,2004
Outlander,2009
Out of the Furnace,2013
Out of Time,2003
Outside Providence,1999
Owning Mahowny,2003
Oz The Great and Powerful,2013
Pacific Rim,2013
The Pacifier,2005
Paddington,2015
Pain and Gain,2013
Pan,2015
Pandorum,2009
Panic Room,2002
Pan's Labyrinth,2006
Paper Towns,2015
Paradise Now,2005
Paranoia,2013
Paranormal Activity,2009
Paranormal Activity 2,2010
Paranormal Activity: The Ghost Dimension,2015
Paranormal Activity 3,2011
Paranormal Activity 4,2012
Paranormal Activity: The Marked Ones,2014
ParaNorman,2012
Parental Guidance,2012
Parker,2013
Patch Adams,1998
Pathfinder: Legend of the Ghost Warrior,2007
The Patriot,2000
Paul,2011
Paul Blart: Mall Cop 2,2015
Paulie,1998
Paycheck,2003
The Peacemaker,1997
The Peanuts Movie,2015
Pearl Harbor,2001
Penguins of Madagascar,2014
People Like Us,2012
Percy Jackson & The Olympians: The Lightning Thief,2010
Percy Jackson: Sea of Monsters,2013
A Perfect Getaway,2009
The Perfect Guy,2015
The Perfect Man,2005
The Perfect Storm,2000
Perfume - The Story of a Murderer,2006
Peter Pan,2003
The Phantom of the Opera,2004
Phat Girlz,2006
Philomena,2013
Phone Booth,2003
The Pianist,2002
Pieces of April,2003
Pineapple Express,2008
The Pink Panther,2006
The Pink Panther 2,2009
Piranha 3D,2010
The Pirates! Band of Misfits,2012
Pirates of the Caribbean: The Curse of the Black Pearl,2003
Pirates of the Caribbean: Dead Man's Chest,2006
Pirates of the Caribbean: At World's End,2007
Pirates of the Caribbean: On Stranger Tides,2011
Pitch Black,2000
Pitch Perfect,2012
Pitch Perfect 2,2015
Inside Out,2015
Pixels,2015
The Place Beyond the Pines,2013
Planes,2013
Planes: Fire & Rescue,2014
Planet 51,2009
Battle of the Year,2013
Planet of the Apes,2001
The Adventures of Pluto Nash,2002
Point Break,2015
Pokemon: The First Movie,1999
Pokemon: The Movie 2000,2000
Pokemon 3: The Movie,2001
Poltergeist,2015
Pompeii,2014
Pooh's Heffalump Movie,2005
Pootie Tang,2001
Poseidon,2006
The Postman,1997
The Powerpuff Girls Movie,2002
Precious: Based on the Novel Push by Sapphire,2009
Predators,2010
Premium Rush,2012
Premonition,2007
The Prestige,2006
Pride & Glory,2008
Pride and Prejudice and Zombies,2016
Priest,2011
Primary Colors,1998
Prime,2005
The Prince and Me,2004
The Prince of Egypt,1998
Prince of Persia: The Sands of Time,2010
The Princess and the Frog,2009
The Princess Diaries,2001
The Princess Diaries 2: Royal Engagement,2004
Princess Kaiulani,2010
Prisoners,2013
"The Prize Winner of Defiance, Ohio",2005
The Producers,2005
Prom,2011
Prometheus,2012
Prom Night,2008
Proof,2005
Proof of Life,2000
The Proposal,2009
P.S. I Love You,2007
Public Enemies,2009
The Punisher,2004
Punisher: War Zone,2008
The Purge,2013
The Purge: Anarchy,2014
The Purge: Election Year,2016
The Pursuit of Happyness,2006
Push,2009
Puss in Boots,2011
Quarantine,2008
Queen of the Damned,2002
The Quiet American,2002
Rabbit Hole,2010
Radio,2003
Raise Your Voice,2004
Rambo,2008
Rambo III,1988
Ramona and Beezus,2010
Random Hearts,1999
Rango,2011
Tangled,2010
Ratatouille,2007
The Raven,2012
Ray,2004
The Reader,2008
Ready to Rumble,2000
Wreck-It Ralph,2012
Recess: School's Out,2001
Red 2,2013
Red,2010
Redbelt,2008
Red Dawn,2012
Red Dragon,2002
Red Eye,2005
Redline,2007
Red Riding Hood,2011
Red Tails,2012
Reign of Fire,2002
Reign Over Me,2007
Reindeer Games,2000
Remember Me,2010
Remember the Titans,2000
Reno 911!: Miami,2007
Rent,2005
The Replacements,2000
Repo Men,2010
Resident Evil,2002
Resident Evil: Afterlife,2010
Resident Evil: Retribution,2012
Resident Evil: Apocalypse,2004
Return to Me,2000
Return to Never Land,2002
The Revenant,2015
Revolutionary Road,2008
Ricki and the Flash,2015
Riddick,2013
Ride Along,2014
Ride Along 2,2016
Righteous Kill,2008
The Ring,2002
Rio,2011
Rio 2,2014
R.I.P.D.,2013
The Rise and Fall of Miss Thang,2008
Risen,2016
Rise of the Planet of the Apes,2011
The Rite,2011
The Road,2009
The Road to El Dorado,2000
Road to Perdition,2002
Road Trip,2000
RoboCop,2014
Robots,2005
The Rock,1996
The Rocker,2008
Rocket Science,2007
Rock of Ages,2012
Rocky Balboa,2006
The Adventures of Rocky & Bullwinkle,2000
This is the End,2013
Role Models,2008
Rollerball,2002
Romeo Must Die,2000
The Rookie,2002
The Roommate,2011
Welcome Home Roscoe Jenkins,2008
Royal Kill,2009
The Royal Tenenbaums,2001
Rugrats Go Wild,2003
Rugrats in Paris: The Movie,2000
The Rules of Attraction,2002
Rules of Engagement,2000
The Rum Diary,2011
Run All Night,2015
Runaway Bride,1999
Runaway Jury,2003
The Rundown,2003
Run Fat Boy Run,2008
Runner Runner,2013
The Running Man,1987
Running Scared,2006
Martin Lawrence Live: Runteldat,2002
Rush,2013
Rush Hour 2,2001
Rush Hour 3,2007
RV,2006
Safe Haven,2013
Safe House,2012
Sahara,2005
Salt,2010
San Andreas,2015
Sanctum,2011
The Santa Clause 2,2002
Savages,2012
Saved!,2004
Saving Mr. Banks,2013
Saving Private Ryan,1998
Saw II,2005
Saw III,2006
Saw VI,2009
Saw 3D,2010
Scary Movie,2000
Scary Movie 2,2001
Scary Movie 3,2003
Scary Movie 4,2006
Scary Movie 5,2013
Schindler's List,1993
School for Scoundrels,2006
School of Rock,2003
Scooby-Doo,2002
The Score,2001
The Scorpion King,2002
The Martian,2015
Scott Pilgrim vs. the World,2010
Scouts Guide to the Zombie Apocalypse,2015
Scream 3,2000
Scream 4,2011
Screwed,2000
Seabiscuit,2003
Season of the Witch,2011
Secondhand Lions,2003
Secretariat,2010
The Secret Life of Bees,2008
The Secret of Kells,2010
Kingsman: The Secret Service,2015
Secret Window,2004
Seed of Chucky,2004
Seeking a Friend for the End of the World,2012
See No Evil,2006
Self/Less,2015
Selma,2014
September Dawn,2007
Serenity,2005
Serving Sara,2002
Seven Pounds,2008
Seven Psychopaths,2012
Seventh Son,2015
Sex and the City,2008
Sex and the City 2,2010
Sex Tape,2014
Shallow Hal,2001
Shall We Dance,2004
Shanghai Knights,2003
Shanghai Noon,2000
Shark Night 3D,2011
Shark Tale,2004
Sherlock Holmes,2009
She's the Man,2006
The Shipping News,2001
Shoot 'Em Up,2007
Shooter,2007
Showtime,2002
Shrek,2001
Shrek 2,2004
Shrek the Third,2007
Shrek Forever After,2010
Shutter Island,2010
Sicario,2015
Sicko,2007
Sideways,2004
Signs,2002
The Silence of the Lambs,1991
Silent Hill,2006
Silent Hill: Revelation 3D,2012
Silver Linings Playbook,2012
The Simpsons Movie,2007
Sinbad: Legend of the Seven Seas,2003
Sin City,2005
A Single Man,2009
Sinister,2012
Sinister 2,2015
The Sitter,2011
The Sixth Sense,1999
The Skeleton Key,2005
The Skulls,2000
Sky Captain and the World of Tomorrow,2004
Sky High,2005
Skyline,2010
Slackers,2002
Sleepy Hollow,1999
Slither,2006
Slumdog Millionaire,2008
Small Time Crooks,2000
Smokin' Aces,2007
The Smurfs,2011
The Smurfs 2,2013
Snakes on a Plane,2006
Snow Day,2000
Snow Dogs,2002
Snow Falling on Cedars,1999
Snow Flower and the Secret Fan,2011
Snow White and the Huntsman,2012
The Social Network,2010
Solaris,2002
Solitary Man,2010
Someone Like You,2001
Something Borrowed,2011
Something's Gotta Give,2003
Somewhere,2010
Son of the Mask,2005
The Sorcerer's Apprentice,2010
Sorority Boys,2002
Soul Plane,2004
Soul Surfer,2011
A Sound of Thunder,2005
Source Code,2011
"South Park - Bigger, Longer and Uncut",1999
Southpaw,2015
Space Chimps,2008
Space Cowboys,2000
Spanglish,2004
Sparkle,2012
Speed Racer,2008
Spider,2002
Spider-Man,2002
Spider-Man 2,2004
Spider-Man 3,2007
The Amazing Spider-Man,2012
The Spiderwick Chronicles,2008
Spirit: Stallion of the Cimarron,2002
Splice,2010
The SpongeBob SquarePants Movie,2004
The SpongeBob Movie: Sponge Out of Water,2015
Spring Breakers,2013
Spy Game,2001
Spy Kids,2001
Spy Kids 2: The Island of Lost Dreams,2002
Spy Kids 3D: Game Over,2003
Spy Kids: All the Time in the World,2011
The Spy Next Door,2010
Stardust,2007
Starship Troopers,1997
Starsky and Hutch,2004
Star Trek: Nemesis,2002
Star Trek,2009
Star Trek Into Darkness,2013
Star Wars: The Force Awakens,2015
Stealth,2005
Steamboy,2005
Step Brothers,2008
The Stepfather,2009
The Stepford Wives,2004
Stepmom,1998
Step Up,2006
Step Up 3-D,2010
Step Up Revolution,2012
Stigmata,1999
Still Alice,2015
Stir of Echoes,1999
Stomp the Yard,2007
Stone,2010
Stop-Loss,2008
The Story of Us,1999
Straight Outta Compton,2015
The Strangers,2008
Stranger Than Fiction,2006
Straw Dogs,2011
Street Fighter,1994
Street Kings,2008
Stuart Little,1999
Stuart Little 2,2002
Sucker Punch,2011
Summer of Sam,1999
The Sum of All Fears,2002
Super 8,2011
Superbad,2007
Superman Returns,2006
Man of Steel,2013
Batman v Superman: Dawn of Justice,2016
Super Size Me,2004
Superstar,1999
Super Troopers,2002
"Surfer, Dude",2008
Surrogates,2009
Spy,2015
Suspect Zero,2004
S.W.A.T.,2003
Sweeney Todd: The Demon Barber of Fleet Street,2007
The Sweetest Thing,2002
Sweet Home Alabama,2002
Swept Away,2002
SwimFan,2002
Swing Vote,2008
Swordfish,2001
Syriana,2005
The Tailor of Panama,2001
Taken,2009
Taken 2,2012
Taken 3,2015
Taking Lives,2004
The Taking of Pelham 1 2 3,2009
Taking Woodstock,2009
The Talented Mr. Ripley,1999
The Tale of Despereaux,2008
Tammy,2014
The Legend of Tarzan,2016
Taxi,2004
The Texas Chainsaw Massacre: The Beginning,2006
Team America: World Police,2004
Tears of the Sun,2003
Ted,2012
Ted 2,2015
The Tempest,2010
Tenacious D in: The Pick of Destiny,2006
The Terminal,2004
Terminator 2: Judgment Day,1991
Terminator: Genisys,2015
Terminator 3: Rise of the Machines,2003
Terminator Salvation,2009
The Ghost Writer,2010
The Hateful Eight,2015
The Longest Ride,2015
The Muppets,2011
The Theory of Everything,2014
Just Go With It,2011
There Will Be Blood,2007
The Runaways,2010
The Shallows,2016
The Unknowns,2016
Wes Craven Presents: They,2002
Think Like a Man,2012
Think Like a Man Too,2014
Thirteen,2003
Thirteen Days,2000
The Thirteenth Floor,1999
This Christmas,2007
This Means War,2012
The Thomas Crown Affair,1999
Thor,2011
Thor: The Dark World,2013
3 Days to Kill,2014
Three Kings,1999
The Three Musketeers,2011
The Three Stooges,2012
Three to Tango,1999
Thunderbirds,2004
The Tigger Movie,2000
Timeline,2003
The Time Machine,2002
The Time Traveler's Wife,2009
Teenage Mutant Ninja Turtles,2014
Teenage Mutant Ninja Turtles: Out of the Shadows,2016
TMNT,2007
Lara Croft: Tomb Raider,2001
Lara Croft Tomb Raider: The Cradle of Life,2003
Tomcats,2001
Tooth Fairy,2010
Torque,2004
To Save a Life,2010
Total Recall,2012
The Tourist,2010
Tower Heist,2011
The Town,2010
Town & Country,2001
Neighbors,2014
Toy Story 3,2010
Trainwreck,2015
Traitor,2008
Trance,2013
Transcendence,2014
Transformers,2007
Transformers: Revenge of the Fallen,2009
Transformers: Dark of the Moon,2011
Transformers: Age of Extinction,2014
The Transporter,2002
Transporter 2,2005
Trapped,2002
Love Happens,2009
The Sisterhood of the Traveling Pants,2005
The Sisterhood of the Traveling Pants 2,2008
Treasure Planet,2002
The Tree of Life,2011
Tron Legacy,2010
Tropic Thunder,2008
Troy,2004
True Grit,2010
Turbo,2013
Turistas,2006
Free Birds,2013
The Tuxedo,2002
Twelve,2010
12 Years a Slave,2013
Twilight,2008
Twins,1988
Twisted,2004
Twister,1996
Two for the Money,2005
Two Weeks Notice,2002
U-571,2000
The Ugly Truth,2009
Ultraviolet,2006
Unaccompanied Minors,2006
The Unborn,2009
Unbreakable,2000
Unbroken,2014
The Man From U.N.C.L.E.,2015
Under the Tuscan Sun,2003
Underworld,2003
Underworld: Rise of the Lycans,2009
Underworld Awakening,2012
Undiscovered,2005
Undisputed,2002
Unfaithful,2002
An Unfinished Life,2005
United 93,2006
Unknown,2011
Unleashed,2005
Unstoppable,2010
Mirror Mirror,2012
Whiskey Tango Foxtrot,2016
Vampires Suck,2010
Untraceable,2008
Up,2009
Up in the Air,2009
The Upside of Anger,2005
Uptown Girls,2003
Vacancy,2007
Valentine's Day,2010
Valiant,2005
Valkyrie,2008
Van Helsing,2004
Vanilla Sky,2001
Vanity Fair,2004
Vantage Point,2008
National Lampoon's Van Wilder,2002
Varsity Blues,1999
Unfinished Business,2015
Veer Zaara,2004
Jonah: A VeggieTales Movie,2002
Veronica Guerin,2003
Veronica Mars,2014
Vertical Limit,2000
V for Vendetta,2006
The Village,2004
The Virginity Hit,2010
The Vow,2012
Waiting...,2005
Waiting for Forever,2011
Walk Hard: The Dewey Cox Story,2007
Walking Tall,2004
Walking with Dinosaurs,2013
Walk the Line,2005
A Walk Among the Tombstones,2014
WALL-E,2008
Wallace and Gromit: The Curse of the Were-Rabbit,2005
Wall Street: Money Never Sleeps,2010
The Secret Life of Walter Mitty,2013
Wanted,2008
Warcraft,2016
War Horse,2011
Warm Bodies,2013
Immortals,2011
War of the Worlds,2005
Warrior,2011
The Warrior's Way,2010
War Room,2015
The Watcher,2000
Watchmen,2009
Water & Power,2014
The Waterboy,1998
Water for Elephants,2011
The Way Back,2011
The Weather Man,2005
Wedding Crashers,2005
The Wedding Date,2005
The Wedding Planner,2001
We Don't Live Here Anymore,2004
Welcome to Mooseport,2004
We Own the Night,2007
We're the Millers,2013
Tyler Perry Presents Peeples,2013
We Were Soldiers,2002
What a Girl Wants,2003
What Happens in Vegas,2008
What Lies Beneath,2000
What's the Worst That Could Happen?,2001
What's Your Number?,2011
What to Expect When You're Expecting,2012
What Women Want,2000
When a Stranger Calls,2006
When the Game Stands Tall,2014
Where the Wild Things Are,2009
Whip It,2009
White Chicks,2004
White House Down,2013
White Oleander,2002
Whiteout,2009
Black Mass,2015
The Whole Ten Yards,2004
Tyler Perry's Why Did I Get Married Too?,2010
The Wicker Man,2006
The Wild,2006
Wild Target,2010
The Wild Thornberrys,2002
Wild Wild West,1999
Willard,2003
Wimbledon,2004
Win a Date with Tad Hamilton!,2004
Windtalkers,2002
Because of Winn-Dixie,2005
Winnie the Pooh,2011
Winter's Tale,2014
Without a Paddle,2004
The Wolfman,2010
The Wolf of Wall Street,2013
X-Men Origins: Wolverine,2009
The Wolverine,2013
Woman in Gold,2015
The Women,2008
Wonder Boys,2000
The Words,2012
The World Is Not Enough,1999
The World's End,2013
The World's Fastest Indian,2005
World War Z,2013
The Wrestler,2008
World Trade Center,2006
X-Men: Apocalypse,2016
X2: X-Men United,2003
X-Men: The Last Stand,2006
The X-Files: I Want to Believe,2008
The Night Before,2015
X-Men,2000
X-Men: Days of Future Past,2014
X-Men: First Class,2011
XXX,2002
Divine Secrets of the Ya-Ya Sisterhood,2002
Year One,2009
Yes Man,2008
Yogi Bear,2010
You Again,2010
You Don't Mess with the Zohan,2008
You Got Served,2004
"You, Me and Dupree",2006
Young Adult,2011
The Young Victoria,2009
"Yours, Mine and Ours",2005
Youth in Revolt,2010
You've Got Mail,1998
Zack and Miri Make a Porno,2008
Zathura,2005
Zodiac,2007
Zookeeper,2011
The Legend of Zorro,2005
