,search_title,year
0,"10,000 B.C.",2008
1,After Earth,2013
2,The Hundred-Foot Journey,2014
3,102 Dalmatians,2000
4,127 Hours,2010
5,13 Going on 30,2004
6,13 Hours: The Secret Soldiers of Benghazi,2016
7,The 13th Warrior,1999
8,1408,2007
9,Tomorrowland,2015
10,2012,2009
11,21,2008
12,21 and Over,2013
13,21 Grams,2003
14,21 Jump Street,2012
15,22 Jump Street,2014
16,25th Hour,2002
17,27 Dresses,2008
18,28 Days,2000
19,2 Fast 2 Furious,2003
20,2 Guns,2013
21,300,2007
22,300: Rise of An Empire,2014
23,30 Days of Night,2007
24,30 Minutes or Less,2011
25,3:10 to Yuma,2007
26,The Three Burials of Melquiades Estrada,2005
27,The 40-Year-Old Virgin,2005
28,42,2013
29,47 Ronin,2013
30,50/50,2011
31,50 First Dates,2004
32,5 Days of War,2011
33,The 5th Wave,2016
34,The 6th Day,2000
35,8 Mile,2002
36,8MM,1999
37,9,2009
38,90 Minutes in Heaven,2015
39,99 Homes,2015
40,Abandon,2002
41,Abduction,2011
42,A Better Life,2011
43,About a Boy,2002
44,About Schmidt,2002
45,Abraham Lincoln: Vampire Hunter,2012
46,Accepted,2006
47,Act of Valor,2012
48,Burnt,2015
49,Adaptation.,2002
50,Admission,2013
51,Aeon Flux,2005
52,After the Sunset,2004
53,Agent Cody Banks,2003
54,Agent Cody Banks 2: Destination London,2004
55,A.I. Artificial Intelligence,2001
56,Air Force One,1997
57,Akeelah and the Bee,2006
58,A Knight's Tale,2001
59,The Alamo,2004
60,Alex and Emma,2003
61,Alexander,2004
62,"Alexander and the Terrible, Horrible, No Good, Very Bad Day",2014
63,Alex Cross,2012
64,Alfie,2004
65,Ali,2001
66,Alice Through the Looking Glass,2016
67,Alice in Wonderland,2010
68,Alien 3,1992
69,Aliens in the Attic,2009
70,All About the Benjamins,2002
71,All the King's Men,2006
72,All the Pretty Horses,2000
73,Edge of Tomorrow,2014
74,Project Almanac,2015
75,Alone in the Dark,2005
76,Alone Yet Not Alone,2013
77,Along Came a Spider,2001
78,Along Came Polly,2004
79,A Long Way Off,2014
80,Alvin and the Chipmunks: Chipwrecked,2011
81,Alvin and the Chipmunks,2007
82,Alvin and the Chipmunks: The Squeakquel,2009
83,Amelia,2009
84,Amelie,2001
85,The American,2010
86,American Beauty,1999
87,An American Carol,2008
88,American Dreamz,2006
89,American Gangster,2007
90,An American Haunting,2006
91,American Pie,1999
92,American Pie 2,2001
93,American Reunion,2012
94,American Ultra,2015
95,American Wedding,2003
96,An American Werewolf in Paris,1997
97,America's Sweethearts,2001
98,Amistad,1997
99,The Amityville Horror,2005
100,Anacondas: The Hunt for the Blood Orchid,2004
101,Analyze That,2002
102,Anchorman: The Legend of Ron Burgundy,2004
103,An Everlasting Piece,2000
104,Angel Eyes,2001
105,Angels & Demons,2009
106,Anger Management,2003
107,The Angry Birds Movie,2016
108,The Animal,2001
109,Anna and the King,1999
110,Annie,2014
111,Anomalisa,2015
112,Anonymous,2011
113,Eight Below,2006
114,The Ant Bully,2006
115,Ant-Man,2015
116,Antz,1998
117,Any Given Sunday,1999
118,Anything Else,2003
119,Anywhere But Here,1999
120,This Is 40,2012
121,Apocalypto,2006
122,Apollo 18,2011
123,Appaloosa,2008
124,The Apparition,2012
125,Aquamarine,2006
126,Aqua Teen Hunger Force Colon Movie Film for Theaters,2007
127,That Awkward Moment,2014
128,Are We There Yet?,2005
129,Armageddon,1998
130,Armored,2009
131,Around the World in 80 Days,2004
132,Arthur,2011
133,Arthur and the Invisibles,2006
134,The Artist,2011
135,As Good as It Gets,1997
136,Assault on Precinct 13,2005
137,Astro Boy,2009
138,The Astronaut Farmer,2007
139,The Astronaut's Wife,1999
140,The A-Team,2010
141,A Thousand Words,2012
142,ATL,2006
143,Atlantis: The Lost Empire,2001
144,Atlas Shrugged: Part I,2011
145,Attack the Block,2011
146,Austin Powers: The Spy Who Shagged Me,1999
147,Austin Powers in Goldmember,2002
148,Australia,2008
149,Marvel's The Avengers,2012
150,Avengers: Age of Ultron,2015
151,The Aviator,2004
152,Alien Vs. Predator,2004
153,Away We Go,2009
154,Baby Boy,2001
155,Babylon A.D.,2008
156,Baby Mama,2008
157,The Bachelor,1999
158,Back to the Future Part II,1989
159,Back to the Future Part III,1990
160,The Back-Up Plan,2010
161,Bad Boys,1995
162,Bad Boys II,2003
163,Bad Company,2002
164,Bad Education,2004
165,Jackass Presents: Bad Grandpa,2013
166,Bad News Bears,2005
167,Bad Santa,2003
168,Bad Teacher,2011
169,The Banger Sisters,2002
170,Bangkok Dangerous,2008
171,Barbershop,2002
172,Barbershop 2: Back in Business,2004
173,Barnyard: The Original Party Animals,2006
174,Basic Instinct,1992
175,The Switch,2010
176,Batman,1989
177,The Dark Knight Rises,2012
178,Batman Forever,1995
179,Batman Returns,1992
180,Batman and Robin,1997
181,Battle: Los Angeles,2011
182,Battleship,2012
183,Brave,2012
184,Beastly,2011
185,Beautiful Creatures,2013
186,A Beautiful Mind,2001
187,The Beaver,2011
188,Be Cool,2005
189,Bedtime Stories,2008
190,Bee Movie,2007
191,Bee Season,2005
192,Behind Enemy Lines,2001
193,Being John Malkovich,1999
194,Believe,2013
195,The Benchwarmers,2006
196,Beowulf,2007
197,The Second Best Exotic Marigold Hotel,2015
198,The Best Exotic Marigold Hotel,2012
199,The Best Man,1999
200,The Best Man Holiday,2013
201,The Best of Me,2014
202,Better Luck Tomorrow,2003
203,Beverly Hills Cop III,1994
204,Deliver Us From Evil,2014
205,Bewitched,2005
206,Beyond Borders,2003
207,The BFG,2016
208,Bicentennial Man,1999
209,Justin Bieber: Never Say Never,2011
210,Big Fat Liar,2002
211,Big Fish,2003
212,Bigger Than the Sky,2005
213,"Big Mommas: Like Father, Like Son",2011
214,Big Momma's House,2000
215,Big Momma's House 2,2006
216,The Big Short,2015
217,Big Trouble,2002
218,The Big Wedding,2013
219,The Big Year,2011
220,Biker Boyz,2003
221,Zero Dark Thirty,2012
222,Birdman,2014
223,Birth,2004
224,Beyond the Lights,2014
225,Black Book,2007
226,The Black Dahlia,2006
227,Black Hawk Down,2001
228,Black Knight,2001
229,Black or White,2015
230,Black Snake Moan,2007
231,Black Swan,2010
232,Blade II,2002
233,Blade: Trinity,2004
234,Blades of Glory,2007
235,The Blair Witch Project,1999
236,Blended,2014
237,Blindness,2008
238,The Blind Side,2009
239,Dave Chappelle's Block Party,2006
240,Blood Diamond,2006
241,BloodRayne,2006
242,Blood Work,2002
243,Blow,2001
244,Blue Crush,2002
245,Blue Streak,1999
246,Blue Valentine,2010
247,The Visit,2015
248,The Gift,2015
249,Pirate Radio,2009
250,Boat Trip,2003
251,Bobby Jones: Stroke of Genius,2004
252,Body of Lies,2008
253,Bolt,2008
254,Skyfall,2012
255,Spectre,2015
256,The Bone Collector,1999
257,Takers,2010
258,Boogeyman,2005
259,The Book of Eli,2010
260,The Book of Life,2014
261,The Boondock Saints II: All Saints Day,2009
262,Borat: Cultural Learnings of America for Make Benefit Glorious Nation of Kazakhstan,2006
263,Bucky Larson: Born to Be a Star,2011
264,The Bounty Hunter,2010
265,The Bourne Legacy,2012
266,The Bourne Identity,2002
267,The Bourne Supremacy,2004
268,The Bourne Ultimatum,2007
269,Bowfinger,1999
270,Bowling for Columbine,2002
271,The Box,2009
272,The Boy,2016
273,Boyhood,2014
274,The Boy Next Door,2015
275,Boys Don't Cry,1999
276,Braveheart,1995
277,Breakin' All the Rules,2004
278,The Twilight Saga: Breaking Dawn Part 1,2011
279,The Twilight Saga: Breaking Dawn Part 2,2012
280,The Break-Up,2006
281,Brick Mansions,2014
282,Bride and Prejudice,2005
283,Bride Wars,2009
284,Bridget Jones: The Edge of Reason,2004
285,Bridget Jones's Diary,2001
286,Bringing Down the House,2003
287,Bringing Out the Dead,1999
288,Bring It On,2000
289,Brokeback Mountain,2005
290,Broken City,2013
291,Brooklyn's Finest,2010
292,Brotherhood of the Wolf,2002
293,The Brothers,2001
294,Brothers,2009
295,The Brothers Grimm,2005
296,The Brothers Solomon,2007
297,Brown Sugar,2002
298,Bruce Almighty,2003
299,The Bucket List,2007
300,A Bug's Life,1998
301,Bulletproof Monk,2003
302,The Heat,2013
303,Burlesque,2010
304,Burn After Reading,2008
305,The Incredible Burt Wonderstone,2013
306,Lee Daniels' The Butler,2013
307,The Butterfly Effect,2004
308,By the Sea,2015
309,The Cable Guy,1996
310,Cadillac Records,2008
311,Calendar Girls,2003
312,The Call,2013
313,Capote,2005
314,Captain America: The First Avenger,2011
315,Captain Corelli's Mandolin,2001
316,Captain Phillips,2013
317,Carrie,2013
318,Cars,2006
319,Cars 2,2011
320,Case 39,2010
321,Cast Away,2000
322,Catch and Release,2007
323,The Hunger Games: Catching Fire,2013
324,Catch Me If You Can,2002
325,Catch That Kid,2004
326,The Cat in the Hat,2003
327,Cats & Dogs,2001
328,Cats & Dogs: The Revenge of Kitty Galore,2010
329,Catwoman,2004
330,Cellular,2004
331,Central Intelligence,2016
332,Changeling,2008
333,The Change-Up,2011
334,Changing Lanes,2002
335,Chappie,2015
336,Charlie Bartlett,2008
337,Charlie and the Chocolate Factory,2005
338,Charlie's Angels,2000
339,Charlie's Angels: Full Throttle,2003
340,Charlie St. Cloud,2010
341,Charlie Wilson's War,2007
342,Charlotte's Web,2006
343,Chasing Liberty,2004
344,Cheaper by the Dozen,2003
345,Cheri,2009
346,Chicago,2002
347,Chicken Little,2005
348,Children of Men,2006
349,Chill Factor,1999
350,Chocolat,2000
351,Christmas at Maxwell's,2006
352,A Christmas Carol,2009
353,Christmas with the Kranks,2004
354,Chronicle,2012
355,The Chronicles of Riddick,2004
356,I Now Pronounce You Chuck and Larry,2007
357,Cinderella,2015
358,Cinderella Man,2005
359,A Cinderella Story,2004
360,Circumstance,2011
361,Cirque du Freak: The Vampire's Assistant,2009
362,City by the Sea,2002
363,City Island,2010
364,City of Ember,2008
365,Clash of the Titans,2010
366,Wrath of the Titans,2012
367,Code Name: The Cleaner,2007
368,Clerks II,2006
369,Cliffhanger,1993
370,Clockstoppers,2002
371,Closer,2004
372,The Walk,2015
373,Cloudy with a Chance of Meatballs 2,2013
374,Cloudy with a Chance of Meatballs,2009
375,Cloverfield,2008
376,Coach Carter,2005
377,Killing Them Softly,2012
378,Cold Mountain,2003
379,Bridge of Spies,2015
380,Collateral,2004
381,Collateral Damage,2002
382,College,2008
383,Colombiana,2011
384,The Company,2003
385,The Company Men,2011
386,Con Air,1997
387,Conan the Barbarian,2011
388,Concussion,2015
389,Confessions of a Dangerous Mind,2002
390,Confidence,2003
391,The Conjuring,2013
392,The Conjuring 2,2016
393,Connie and Carla,2004
394,The Conspirator,2011
395,The Constant Gardener,2005
396,Constantine,2005
397,Contagion,2011
398,The Contender,2000
399,Contraband,2012
400,Conversations with Other Women,2006
401,Coraline,2009
402,The Core,2003
403,The Counselor,2013
404,The Count of Monte Cristo,2002
405,The Country Bears,2002
406,Country Strong,2010
407,Cop Out,2010
408,Couples Retreat,2009
409,Courageous,2011
410,Cowboys & Aliens,2011
411,Cradle 2 the Grave,2003
412,Crank,2006
413,The Crazies,2010
414,crazy/beautiful,2001
415,Crazy Heart,2009
416,"Crazy, Stupid, Love.",2011
417,Creed,2015
418,Crimson Peak,2015
419,The Crocodile Hunter: Collision Course,2002
420,The Croods,2013
421,Crossroads,2002
422,"Crouching Tiger, Hidden Dragon",2000
423,Aloha,2015
424,Extraordinary Measures,2010
425,Knight & Day,2010
426,Cry Wolf,2005
427,The Curious Case of Benjamin Button,2008
428,Curious George,2006
429,Cursed,2005
430,The Curse of the Jade Scorpion,2001
431,Unfriended,2015
432,Cyrus,2010
433,Daddy Day Care,2003
434,Dallas Buyers Club,2013
435,Dance Flick,2009
436,Danny Collins,2015
437,Daredevil,2003
438,The Darjeeling Limited,2007
439,Dark Blue,2003
440,The Darkest Hour,2011
441,Limitless,2011
442,Darkness Falls,2003
443,Dark Shadows,2012
444,Date Movie,2006
445,Date Night,2010
446,Not Fade Away,2012
447,American Hustle,2013
448,The Da Vinci Code,2006
449,Dawn of the Planet of the Apes,2014
450,Dawn of the Dead,2004
451,The Day After Tomorrow,2004
452,Daybreakers,2010
453,The Day the Earth Stood Still,2008
454,Deadpool,2016
455,Dead Silence,2007
456,Dear John,2010
457,Death at a Funeral,2007
458,Death at a Funeral,2010
459,Death Race,2008
460,Death to Smoochy,2002
461,The Debt,2011
462,Defiance,2008
463,Deja Vu,2006
464,Delgo,2008
465,Delivery Man,2013
466,De-Lovely,2004
467,The Departed,2006
468,Derailed,2005
469,Despicable Me,2010
470,Despicable Me 2,2013
471,Deuce Bigalow: European Gigolo,2005
472,The Devil Inside,2012
473,Devil's Due,2014
474,The Devil's Rejects,2005
475,The Devil Wears Prada,2006
476,Diary of a Wimpy Kid,2010
477,Diary of a Wimpy Kid: Rodrick Rules,2011
478,Diary of a Wimpy Kid: Dog Days,2012
479,The Possession,2012
480,Dickie Roberts: Former Child Star,2003
481,The Dictator,2012
482,Die Another Day,2002
483,Live Free or Die Hard,2007
484,A Good Day to Die Hard,2013
485,Dinner for Schmucks,2010
486,Dirty,2006
487,Dirty Dancing: Havana Nights,2004
488,Disaster Movie,2008
489,Big Hero 6,2014
490,District 9,2009
491,Disturbia,2007
492,Divergent,2014
493,Django Unchained,2012
494,DodgeBall: A True Underdog Story,2004
495,Dogma,1999
496,Dogville,2004
497,Dolphin Tale,2011
498,Dolphin Tale 2,2014
499,Don Jon,2013
500,Don't Be Afraid of the Dark,2011
501,Doom,2005
502,Dope,2015
503,Double Jeopardy,1999
504,Doubt,2008
505,Dracula Untold,2014
506,Drag Me to Hell,2009
507,Dragonfly,2002
508,Dragon Wars,2007
509,Dr. Dolittle 2,2001
510,Dreamcatcher,2003
511,Dreamer: Inspired by a True Story,2005
512,The Dreamers,2004
513,Dream House,2011
514,Dredd,2012
515,Drive,2011
516,Driven,2001
517,Drumline,2002
518,Due Date,2010
519,The Dukes of Hazzard,2005
520,Duma,2005
521,Dumb and Dumberer: When Harry Met Lloyd,2003
522,Dumb and Dumber To,2014
523,Duplex,2003
524,Duplicity,2009
525,Dysfunctional Friends,2012
526,Eagle Eye,2008
527,The Eagle,2011
528,Invictus,2009
529,Easy A,2010
530,Eat Pray Love,2010
531,Earth to Echo,2014
532,Ballistic: Ecks vs. Sever,2002
533,The Twilight Saga: Eclipse,2010
534,Eddie the Eagle,2016
535,Edge of Darkness,2010
536,Eight Legged Freaks,2002
537,Elektra,2005
538,Elf,2003
539,Elizabethtown,2005
540,Ella Enchanted,2004
541,El Milagro De Marcelino Pan,2012
542,The Adventures of Elmo in Grouchland,1999
543,Elysium,2013
544,The Emperor's New Groove,2000
545,Empire,2002
546,Employee of the Month,2006
547,Enchanted,2007
548,Ender's Game,2013
549,Endless Love,2014
550,End of the Spear,2006
551,End of Watch,2012
552,Enemy at the Gates,2001
553,Enough,2002
554,Entourage,2015
555,Envy,2004
556,The Equalizer,2014
557,Eragon,2006
558,Erin Brockovich,2000
559,Escape From Planet Earth,2013
560,Eternal Sunshine of the Spotless Mind,2004
561,Eurotrip,2004
562,Evan Almighty,2007
563,Everest,2015
564,Big Miracle,2012
565,Everybody's Fine,2009
566,Everybody Wants to Be Italian,2008
567,Every Day,2011
568,Everything Must Go,2011
569,Evil Dead,2013
570,Evita,1996
571,Evolution,2001
572,Exit Wounds,2001
573,Ex Machina,2015
574,Exodus: Gods and Kings,2014
575,The Exorcism of Emily Rose,2005
576,Exorcist: The Beginning,2004
577,The Expendables,2010
578,The Expendables 2,2012
579,The Express,2008
580,Extract,2009
581,Facing the Giants,2006
582,The Faculty,1998
583,Fahrenheit 9/11,2004
584,Failure to Launch,2006
585,Fair Game,2010
586,Fame,2009
587,The Family Man,2000
588,The Family Stone,2005
589,Fantastic Four,2005
590,Fantastic Four,2015
591,Fantastic Four: Rise of the Silver Surfer,2007
592,Fantastic Mr. Fox,2009
593,Far and Away,1992
594,Fascination,2005
595,Fast & Furious 6,2013
596,Furious 7,2015
597,The Fast and the Furious,2001
598,Fast and Furious,2009
599,Faster,2010
600,Fast Five,2011
601,The Fault in our Stars,2014
602,fear dot com,2002
603,The Other Guys,2010
604,Fever Pitch,2005
605,A Few Good Men,1992
606,The Fifth Estate,2013
607,Fifty Shades of Grey,2015
608,Fight Club,1999
609,The Fighter,2010
610,The Fighting Temptations,2003
611,Filly Brown,2013
612,Final Destination 3,2006
613,The Final Destination,2009
614,Final Destination 5,2011
615,Final Fantasy: The Spirits Within,2001
616,Finding Neverland,2004
617,Find Me Guilty,2006
618,Fired Up,2009
619,Fireproof,2008
620,The Five-Year Engagement,2012
621,Flags of Our Fathers,2006
622,Flicka,2006
623,Flight,2012
624,Flight of the Phoenix,2004
625,The Flintstones,1994
626,The Flintstones in Viva Rock Vegas,2000
627,Flipped,2010
628,Flushed Away,2006
629,Flyboys,2006
630,Fly Me to the Moon,2008
631,The Fog,2005
632,Fool's Gold,2008
633,Footloose,2011
634,For Colored Girls,2010
635,The Forsaken,2001
636,The Forest,2016
637,Forgetting Sarah Marshall,2008
638,The Forgotten,2004
639,For Love of the Game,1999
640,Formula 51,2002
641,The Fountain,2006
642,Four Brothers,2005
643,Four Christmases,2008
644,The Four Feathers,2002
645,Frailty,2002
646,Frankenweenie,2012
647,Freaky Friday,2003
648,Freddy Got Fingered,2001
649,Freddy Vs. Jason,2003
650,Freedom Writers,2007
651,Free State of Jones,2016
652,Frida,2002
653,Friday Night Lights,2004
654,Friday the 13th,2009
655,No Strings Attached,2011
656,Friends with Benefits,2011
657,Fright Night,2011
658,From Justin to Kelly,2003
659,From Paris with Love,2010
660,Frost/Nixon,2008
661,Frozen,2013
662,Full Frontal,2002
663,Funny People,2009
664,Fun Size,2012
665,Fun with Dick and Jane,2005
666,Furry Vengeance,2010
667,Fury,2014
668,Mad Max: Fury Road,2015
669,The Future,2011
670,G-Force,2009
671,Galaxy Quest,1999
672,The Gambler,2014
673,Gangs of New York,2002
674,Gangster's Paradise: Jerusalema,2010
675,Gangster Squad,2013
676,Garfield: The Movie,2004
677,Gentlemen Broncos,2009
678,Getaway,2013
679,Get Hard,2015
680,Get Him to the Greek,2010
681,Get Rich or Die Tryin',2005
682,Get Smart,2008
683,Ghost Rider,2007
684,Ghost Rider: Spirit of Vengeance,2012
685,Ghost Ship,2002
686,Ghost Town,2008
687,Gigli,2003
688,G.I. Joe: The Rise of Cobra,2009
689,G.I. Joe: Retaliation,2013
690,The Girl with the Dragon Tattoo,2011
691,"Girl, Interrupted",1999
692,The Giver,2014
693,Gladiator,2000
694,Glee The 3D Concert Movie,2011
695,Glitter,2001
696,The Godfather Part III,1990
697,Gods and Generals,2003
698,Godsend,2004
699,God's Not Dead,2014
700,Gods of Egypt,2016
701,Godzilla,1998
702,Godzilla 2000,2000
703,Godzilla,2014
704,Going the Distance,2010
705,The Golden Compass,2007
706,Gone Baby Gone,2007
707,Gone Girl,2014
708,Gone in 60 Seconds,2000
709,Good Boy!,2003
710,The Good Girl,2002
711,The Good Guy,2010
712,"Good Night, and Good Luck.",2005
713,"The Goods: Live Hard, Sell Hard",2009
714,The Good Thief,2003
715,A Good Year,2006
716,Goosebumps,2015
717,The Gospel,2005
718,The Gospel of John,2003
719,Gothika,2003
720,Gracie,2007
721,The Grand Budapest Hotel,2014
722,Grandma,2015
723,Gran Torino,2008
724,Did You Hear About the Morgans?,2009
725,Gravity,2013
726,The Great Gatsby,2013
727,The Great Raid,2005
728,The Green Hornet,2011
729,The Green Inferno,2015
730,Green Lantern,2011
731,The Green Mile,1999
732,Green Zone,2010
733,The Grey,2012
734,Gridiron Gang,2006
735,Grind,2003
736,Grindhouse,2007
737,Grown Ups,2010
738,Grown Ups 2,2013
739,The Grudge,2004
740,The Grudge 2,2006
741,Grudge Match,2013
742,Rise of the Guardians,2012
743,Legend of the Guardians: The Owls of Ga'Hoole,2010
744,Gulliver's Travels,2010
745,The Gunman,2015
746,A Guy Thing,2003
747,"Hail, Caesar!",2016
748,Halloween II,2009
749,Halloween: Resurrection,2002
750,Hall Pass,2011
751,Hamlet 2,2008
752,Hancock,2008
753,Hanging Up,2000
754,The Hangover,2009
755,The Hangover Part II,2011
756,The Hangover Part III,2013
757,Hanna,2011
758,Hannibal,2001
759,Hansel and Gretel: Witch Hunters,2013
760,The Happening,2008
761,Happy Feet,2006
762,She's Out of My League,2010
763,Harold and Kumar Go to White Castle,2004
764,Harold and Kumar Escape from Guantanamo Bay,2008
765,A Very Harold & Kumar 3D Christmas,2011
766,Harry Potter and the Sorcerer's Stone,2001
767,Harry Potter and the Chamber of Secrets,2002
768,Harry Potter and the Prisoner of Azkaban,2004
769,Harry Potter and the Goblet of Fire,2005
770,Harry Potter and the Order of the Phoenix,2007
771,Harry Potter and the Half-Blood Prince,2009
772,Hart's War,2002
773,A Haunted House 2,2014
774,The Haunted Mansion,2003
775,The Haunting,1999
776,Haywire,2012
777,Head Over Heels,2001
778,Heartbreakers,2001
779,In the Heart of the Sea,2015
780,Heaven is for Real,2014
781,Killers,2010
782,Hellboy,2004
783,Hellboy II: The Golden Army,2008
784,The Help,2011
785,Her,2013
786,Herbie: Fully Loaded,2005
787,Hercules,2014
788,The Legend of Hercules,2014
789,Hereafter,2010
790,Here on Earth,2000
791,Hero,2004
792,Hesher,2011
793,Hey Arnold! The Movie,2002
794,Hidalgo,2004
795,High Crimes,2002
796,High Fidelity,2000
797,Highlander: Endgame,2000
798,High School Musical 3: Senior Year,2008
799,The Hills Have Eyes,2006
800,The Hills Have Eyes 2,2007
801,A History of Violence,2005
802,Hit and Run,2012
803,Hitch,2005
804,The Hitchhiker's Guide to the Galaxy,2005
805,Hitman: Agent 47,2015
806,Dr. Seuss' Horton Hears a Who!,2008
807,The Dilemma,2011
808,Hulk,2003
809,The Human Stain,2003
810,The Hunger Games,2012
811,The Hunger Games: Mockingjay - Part 1,2014
812,The Hunger Games: Mockingjay - Part 2,2015
813,The Hunted,2003
814,The Huntsman: Winter's War,2016
815,The Hurricane,1999
816,The Hurt Locker,2009
817,I Am Legend,2007
818,I Am Number Four,2011
819,Ice Age,2002
820,Ice Age: The Meltdown,2006
821,Ice Age: Dawn of the Dinosaurs,2009
822,Ice Age: Continental Drift,2012
823,Independence Day: Resurgence,2016
824,Identity,2003
825,Identity Thief,2013
826,I Don't Know How She Does It,2011
827,If I Stay,2014
828,"I, Frankenstein",2014
829,Igby Goes Down,2002
830,Igor,2008
831,That's My Boy,2012
832,I Heart Huckabees,2004
833,The Secret Life of Pets,2016
834,I Love You Beth Cooper,2009
835,"I Love You, Phillip Morris",2010
836,Imagine That,2009
837,Impostor,2002
838,Inception,2010
839,The Incredible Hulk,2008
840,The Incredibles,2004
841,Indiana Jones and the Kingdom of the Crystal Skull,2008
842,Indiana Jones and the Last Crusade,1989
843,Indiana Jones and the Temple of Doom,1984
844,In Dreams,1999
845,The Informant!,2009
846,Inglourious Basterds,2009
847,Inkheart,2009
848,Inside Deep Throat,2005
849,Inside Man,2006
850,The Insider,1999
851,Insidious Chapter 2,2013
852,Insidious Chapter 3,2015
853,Insomnia,2002
854,Inspector Gadget,1999
855,Isn't She Great,2000
856,The Divergent Series: Insurgent,2015
857,The Intern,2015
858,The International,2009
859,The Internship,2013
860,The Interpreter,2005
861,Interstellar,2014
862,In the Line of Fire,1993
863,Into The Storm,2014
864,Into the Woods,2014
865,The Invasion,2007
866,"I, Robot",2004
867,Iron Man,2008
868,Iron Man 2,2010
869,Iron Man 3,2013
870,The Island,2005
871,I Spit on Your Grave,2010
872,I Spy,2002
873,The Italian Job,2003
874,I Think I Love My Wife,2007
875,It's Complicated,2009
876,It's Kind of a Funny Story,2010
877,Jack and Jill,2011
878,Jackass: The Movie,2002
879,Jackass 3-D,2010
880,Jackie Brown,1997
881,Jack Ryan: Shadow Recruit,2014
882,Jack the Giant Slayer,2013
883,Casino Royale,2006
884,Quantum of Solace,2008
885,Jarhead,2005
886,Jason X,2002
887,J. Edgar,2011
888,Jeepers Creepers 2,2003
889,Jem and the Holograms,2015
890,Jennifer's Body,2009
891,Jerry Maguire,1996
892,Jersey Boys,2014
893,Jersey Girl,2004
894,The Assassination of Jesse James by the Coward Robert Ford,2007
895,Jimmy Neutron: Boy Genius,2001
896,Jobs,2013
897,Steve Jobs,2015
898,Joe Somebody,2001
899,John Carter,2012
900,Johnny English,2003
901,Johnny English Reborn,2011
902,Johnny Mnemonic,1995
903,John Q.,2002
904,Johnson Family Vacation,2004
905,John Tucker Must Die,2006
906,John Wick,2014
907,Jonah Hex,2010
908,The Joneses,2010
909,Josie and the Pussycats,2001
910,Journey 2: The Mysterious Island,2012
911,Journey to the Center of the Earth,2008
912,Joy,2015
913,The Judge,2014
914,Judy Moody and the NOT Bummer Summer,2011
915,Julie & Julia,2009
916,Jumper,2008
917,The Jungle Book 2,2003
918,The Jungle Book,2016
919,Jupiter Ascending,2015
920,The Lost World: Jurassic Park,1997
921,Jurassic Park III,2001
922,Jurassic World,2015
923,Just Like Heaven,2005
924,Just Married,2003
925,Just Visiting,2001
926,K-PAX,2001
927,K-19: The Widowmaker,2002
928,Kangaroo Jack,2003
929,The Karate Kid,2010
930,Katy Perry: Part of Me,2012
931,Keanu,2016
932,Keeping the Faith,2000
933,The Wedding Ringer,2015
934,Kick-Ass,2010
935,Kick-Ass 2,2013
936,Kicking and Screaming,2005
937,The Kids Are All Right,2010
938,Disney's The Kid,2000
939,Kill Bill Vol. 1,2003
940,Kill Bill Vol. 2,2004
941,Killer Elite,2011
942,Kindergarten Cop,1990
943,King Arthur,2004
944,The Kingdom,2007
945,Kingdom of Heaven,2005
946,King Kong,2005
947,Kinsey,2004
948,Kissing Jessica Stein,2002
949,"Kiss Kiss, Bang Bang",2005
950,Kiss of the Dragon,2001
951,Kit Kittredge: An American Girl,2008
952,Knocked Up,2007
953,Knowing,2009
954,Krampus,2015
955,Kundun,1997
956,Kung Fu Hustle,2005
957,Kung Fu Panda,2008
958,Kung Fu Panda 2,2011
959,Kung Pow! Enter the Fist,2002
960,Labor Day,2014
961,Lady in the Water,2006
962,The Ladykillers,2004
963,The Boxtrolls,2014
964,The Lake House,2006
965,Lake Placid,1999
966,Lakeview Terrace,2008
967,George A. Romero's Land of the Dead,2005
968,Land of the Lost,2009
969,Larry Crowne,2011
970,Lars and the Real Girl,2007
971,Last Action Hero,1993
972,The Last Airbender,2010
973,The Last Castle,2001
974,The Last Exorcism Part II,2013
975,Last Holiday,2006
976,The Last King of Scotland,2006
977,The Last Kiss,2006
978,The Last Samurai,2003
979,The Last Song,2010
980,The Last Stand,2013
981,Last Vegas,2013
982,The Last Witch Hunter,2015
983,La Vie en Rose,2007
984,Law Abiding Citizen,2009
985,Laws of Attraction,2004
986,Epic,2013
987,The League of Extraordinary Gentlemen,2003
988,Leap Year,2010
989,Leatherheads,2008
990,Left Behind,2014
991,"Legally Blonde 2: Red, White and Blonde",2003
992,The Legend of Bagger Vance,2000
993,Legends of Oz: Dorothy's Return,2014
994,Legion,2010
995,The LEGO Movie,2014
996,Lemony Snicket's A Series of Unfortunate Events,2004
997,Les Miserables,2012
998,Let's Be Cops,2014
999,Letters from Iwo Jima,2006
1000,Letters to God,2010
1001,Letters to Juliet,2010
1002,Let Me In,2010
1003,The Life Aquatic with Steve Zissou,2004
1004,Life as We Know It,2010
1005,The Life of David Gale,2003
1006,Life of Pi,2012
1007,"Life, or Something Like It",2002
1008,Light it Up,1999
1009,Like Mike,2002
1010,Lilo & Stitch,2002
1011,The Limey,1999
1012,Lincoln,2012
1013,The Lincoln Lawyer,2011
1014,Lions for Lambs,2007
1015,Little Black Book,2004
1016,Little Children,2006
1017,Little Man,2006
1018,Little Miss Sunshine,2006
1019,Little Women,1994
1020,The Lives of Others,2007
1021,The Lizzie McGuire Movie,2003
1022,Local Color,2007
1023,Lockout,2012
1024,London Has Fallen,2016
1025,The Lone Ranger,2013
1026,Lone Survivor,2013
1027,The Longest Yard,2005
1028,The Lookout,2007
1029,Looney Tunes: Back in Action,2003
1030,Looper,2012
1031,Dr. Seuss' The Lorax,2012
1032,Lord of War,2005
1033,Lords of Dogtown,2005
1034,Loser,2000
1035,The Losers,2010
1036,Lost in Translation,2003
1037,The Lost Skeleton of Cadavra,2004
1038,A Lot Like Love,2005
1039,Lottery Ticket,2010
1040,Love Actually,2003
1041,Love & Basketball,2000
1042,Love and Other Drugs,2010
1043,The Love Guru,2008
1044,The Love Letter,1999
1045,The Lovely Bones,2009
1046,Love,2015
1047,Love's Abiding Joy,2006
1048,Love the Coopers,2015
1049,Lucy,2014
1050,"Lust, Caution",2007
1051,Luther,2003
1052,MacGruber,2010
1053,Machine Gun Preacher,2011
1054,Madagascar: Escape 2 Africa,2008
1055,Madagascar 3: Europe's Most Wanted,2012
1056,Tyler Perry's Madea's Family Reunion,2006
1057,Tyler Perry's Madea's Witness Protection,2012
1058,Made of Honor,2008
1059,Magic Mike,2012
1060,Magnolia,1999
1061,Maid in Manhattan,2002
1062,The Majestic,2001
1063,The Family,2013
1064,Maleficent,2014
1065,Malibu's Most Wanted,2003
1066,Paul Blart: Mall Cop,2009
1067,Mama,2013
1068,Mamma Mia!,2008
1069,A Man Apart,2003
1070,The Manchurian Candidate,2004
1071,Blackhat,2015
1072,Man on a Ledge,2012
1073,Man on Fire,2004
1074,Man on the Moon,1999
1075,The Man with the Iron Fists,2012
1076,Marci X,2003
1077,Marie Antoinette,2006
1078,Marmaduke,2010
1079,Mars Needs Moms,2011
1080,Captain America: The Winter Soldier,2014
1081,Guardians of the Galaxy,2014
1082,Captain America: Civil War,2016
1083,Master and Commander: The Far Side of the World,2003
1084,Megamind,2010
1085,The Master of Disguise,2002
1086,Match Point,2005
1087,The Matrix,1999
1088,The Matrix Reloaded,2003
1089,The Matrix Revolutions,2003
1090,Max,2015
1091,Max Payne,2008
1092,The Maze Runner,2014
1093,Maze Runner: The Scorch Trials,2015
1094,Me and Earl and the Dying Girl,2015
1095,Me and Orson Welles,2009
1096,Mean Girls,2004
1097,Me Before You,2016
1098,The Mechanic,2011
1099,Meet Dave,2008
1100,Meet the Fockers,2004
1101,Little Fockers,2010
1102,Meet the Parents,2000
1103,Memento,2001
1104,Memoirs of a Geisha,2005
1105,"Me, Myself and Irene",2000
1106,Men in Black,1997
1107,Men in Black II,2002
1108,The Men Who Stare at Goats,2009
1109,The Messenger: The Story of Joan of Arc,1999
1110,The Messengers,2007
1111,Metallica Through the Never,2013
1112,The Mexican,2001
1113,Mission: Impossible II,2000
1114,Mission: Impossible III,2006
1115,Mission: Impossible - Ghost Protocol,2011
1116,Mission: Impossible - Rogue Nation,2015
1117,Miami Vice,2006
1118,MIB 3,2012
1119,Capitalism: A Love Story,2009
1120,The Boss,2016
1121,Mickey Blue Eyes,1999
1122,Middle Men,2010
1123,Midnight in Paris,2011
1124,A Mighty Heart,2007
1125,Mighty Joe Young,1998
1126,The Mighty Macs,2011
1127,Mike and Dave Need Wedding Dates,2016
1128,Milk,2008
1129,Million Dollar Arm,2014
1130,Million Dollar Baby,2004
1131,A Million Ways to Die in the West,2014
1132,Minions,2015
1133,Minority Report,2002
1134,Miracle at St. Anna,2008
1135,Miracles from Heaven,2016
1136,Miss Congeniality,2000
1137,Mission: Impossible,1996
1138,Mission to Mars,2000
1139,The Mist,2007
1140,Moms' Night Out,2014
1141,Mona Lisa Smile,2003
1142,Moneyball,2011
1143,Money Monster,2016
1144,Mongol,2008
1145,Monster,2003
1146,Monster House,2006
1147,Monster-in-Law,2005
1148,Monster's Ball,2001
1149,Monsters Vs. Aliens,2009
1150,Monte Carlo,2011
1151,The Monuments Men,2014
1152,Moonlight Mile,2002
1153,Moonrise Kingdom,2012
1154,Morning Glory,2010
1155,The Mortal Instruments: City of Bones,2013
1156,Mortdecai,2015
1157,Mother's Day,2016
1158,The Mothman Prophecies,2002
1159,Moulin Rouge!,2001
1160,Mouse Hunt,1997
1161,Movie 43,2013
1162,Mr. & Mrs. Smith,2005
1163,Mr. Brooks,2007
1164,Mr. Deeds,2002
1165,Mr. Magoo,1997
1166,Mr. Peabody & Sherman,2014
1167,Mr. Popper's Penguins,2011
1168,The Mummy,1999
1169,The Mummy: Tomb of the Dragon Emperor,2008
1170,The Mummy Returns,2001
1171,Munich,2005
1172,Muppets Most Wanted,2014
1173,Muppets from Space,1999
1174,Murder by Numbers,2002
1175,The Muse,1999
1176,Music of the Heart,1999
1177,The Musketeer,2001
1178,Must Love Dogs,2005
1179,My Baby's Daddy,2004
1180,My Best Friend's Girl,2008
1181,My Big Fat Greek Wedding,2002
1182,My Bloody Valentine 3-D,2009
1183,My Boss's Daughter,2003
1184,My Dog Skip,2000
1185,The Guilt Trip,2012
1186,My Sister's Keeper,2009
1187,My Soul to Take,2010
1188,"Mystery, Alaska",1999
1189,Mystery Men,1999
1190,Mystic River,2003
1191,Nacho Libre,2006
1192,Nanny McPhee,2006
1193,Nanny McPhee Returns,2010
1194,Napoleon Dynamite,2004
1195,"The Chronicles of Narnia: The Lion, the Witch and the Wardrobe",2005
1196,The Chronicles of Narnia: Prince Caspian,2008
1197,The Chronicles of Narnia: The Voyage of the Dawn Treader,2010
1198,National Treasure,2004
1199,The Nativity Story,2006
1200,Nebraska,2013
1201,Need for Speed,2014
1202,The Watch,2012
1203,Sisters,2015
1204,Never Back Down,2008
1205,Never Let Me Go,2010
1206,The New Guy,2002
1207,Vacation,2015
1208,The Gallows,2015
1209,The Twilight Saga: New Moon,2009
1210,New Suit,2003
1211,The New World,2005
1212,New Year's Eve,2011
1213,New York Minute,2004
1214,The Next Best Thing,2000
1215,Next Friday,2000
1216,The Next Three Days,2010
1217,Nick and Norah's Infinite Playlist,2008
1218,Night at the Museum: Battle of the Smithsonian,2009
1219,Night at the Museum: Secret of the Tomb,2014
1220,A Nightmare on Elm Street,2010
1221,Nim's Island,2008
1222,Nine,2009
1223,The Ninth Gate,2000
1224,Ninja Assassin,2009
1225,Noah,2014
1226,No Good Deed,2003
1227,Non-Stop,2014
1228,Norbit,2007
1229,North Country,2005
1230,Not Another Teen Movie,2001
1231,Not Easily Broken,2009
1232,The Notebook,2004
1233,Notorious,2009
1234,Robin Hood,2010
1235,Notting Hill,1999
1236,In Time,2011
1237,Now You See Me,2013
1238,The Number 23,2007
1239,Nurse Betty,2000
1240,The Nutcracker in 3D,2010
1241,The Nut Job,2014
1242,The Nutty Professor,1996
1243,The Nutty Professor II: The Klumps,2000
1244,Oblivion,2013
1245,Observe and Report,2009
1246,Obsessed,2009
1247,Oceans,2010
1248,Ocean's Eleven,2001
1249,Ocean's Twelve,2004
1250,Oculus,2014
1251,Chasing Mavericks,2012
1252,Oldboy,2013
1253,Old Dogs,2009
1254,Old School,2003
1255,Oliver Twist,2005
1256,Olympus Has Fallen,2013
1257,The Omega Code,1999
1258,The Omen,2006
1259,Once,2007
1260,Once Upon a Time in Mexico,2003
1261,One Day,2011
1262,One Direction: This is Us,2013
1263,One For the Money,2012
1264,One Hour Photo,2002
1265,One Missed Call,2008
1266,One Night at McCool's,2001
1267,One Night with the King,2006
1268,Jack Reacher,2012
1269,Oogieloves In The BIG Balloon Adventure,2012
1270,Open Range,2003
1271,Open Season,2006
1272,Open Water,2004
1273,The Original Kings of Comedy,2000
1274,Osama,2004
1275,The Other Boleyn Girl,2008
1276,The Others,2001
1277,The Other Woman,2014
1278,Ouija,2014
1279,Our Brand Is Crisis,2015
1280,Our Idiot Brother,2011
1281,Out Cold,2001
1282,Outfoxed: Rupert Murdoch's War on Journalism,2004
1283,Outlander,2009
1284,Out of the Furnace,2013
1285,Out of Time,2003
1286,Outside Providence,1999
1287,Owning Mahowny,2003
1288,Oz The Great and Powerful,2013
1289,Pacific Rim,2013
1290,The Pacifier,2005
1291,Paddington,2015
1292,Pain and Gain,2013
1293,Pan,2015
1294,Pandorum,2009
1295,Panic Room,2002
1296,Pan's Labyrinth,2006
1297,Paper Towns,2015
1298,Paradise Now,2005
1299,Paranoia,2013
1300,Paranormal Activity,2009
1301,Paranormal Activity 2,2010
1302,Paranormal Activity: The Ghost Dimension,2015
1303,Paranormal Activity 3,2011
1304,Paranormal Activity 4,2012
1305,Paranormal Activity: The Marked Ones,2014
1306,ParaNorman,2012
1307,Parental Guidance,2012
1308,Parker,2013
1309,Patch Adams,1998
1310,Pathfinder: Legend of the Ghost Warrior,2007
1311,The Patriot,2000
1312,Paul,2011
1313,Paul Blart: Mall Cop 2,2015
1314,Paulie,1998
1315,Paycheck,2003
1316,The Peacemaker,1997
1317,The Peanuts Movie,2015
1318,Pearl Harbor,2001
1319,Penguins of Madagascar,2014
1320,People Like Us,2012
1321,Percy Jackson & The Olympians: The Lightning Thief,2010
1322,Percy Jackson: Sea of Monsters,2013
1323,A Perfect Getaway,2009
1324,The Perfect Guy,2015
1325,The Perfect Man,2005
1326,The Perfect Storm,2000
1327,Perfume - The Story of a Murderer,2006
1328,Peter Pan,2003
1329,The Phantom of the Opera,2004
1330,Phat Girlz,2006
1331,Philomena,2013
1332,Phone Booth,2003
1333,The Pianist,2002
1334,Pieces of April,2003
1335,Pineapple Express,2008
1336,The Pink Panther,2006
1337,The Pink Panther 2,2009
1338,Piranha 3D,2010
1339,The Pirates! Band of Misfits,2012
1340,Pirates of the Caribbean: The Curse of the Black Pearl,2003
1341,Pirates of the Caribbean: Dead Man's Chest,2006
1342,Pirates of the Caribbean: At World's End,2007
1343,Pirates of the Caribbean: On Stranger Tides,2011
1344,Pitch Black,2000
1345,Pitch Perfect,2012
1346,Pitch Perfect 2,2015
1347,Inside Out,2015
1348,Pixels,2015
1349,The Place Beyond the Pines,2013
1350,Planes,2013
1351,Planes: Fire & Rescue,2014
1352,Planet 51,2009
1353,Battle of the Year,2013
1354,Planet of the Apes,2001
1355,The Adventures of Pluto Nash,2002
1356,Point Break,2015
1357,Pokemon: The First Movie,1999
1358,Pokemon: The Movie 2000,2000
1359,Pokemon 3: The Movie,2001
1360,Poltergeist,2015
1361,Pompeii,2014
1362,Pooh's Heffalump Movie,2005
1363,Pootie Tang,2001
1364,Poseidon,2006
1365,The Postman,1997
1366,The Powerpuff Girls Movie,2002
1367,Precious: Based on the Novel Push by Sapphire,2009
1368,Predators,2010
1369,Premium Rush,2012
1370,Premonition,2007
1371,The Prestige,2006
1372,Pride & Glory,2008
1373,Pride and Prejudice and Zombies,2016
1374,Priest,2011
1375,Primary Colors,1998
1376,Prime,2005
1377,The Prince and Me,2004
1378,The Prince of Egypt,1998
1379,Prince of Persia: The Sands of Time,2010
1380,The Princess and the Frog,2009
1381,The Princess Diaries,2001
1382,The Princess Diaries 2: Royal Engagement,2004
1383,Princess Kaiulani,2010
1384,Prisoners,2013
1385,"The Prize Winner of Defiance, Ohio",2005
1386,The Producers,2005
1387,Prom,2011
1388,Prometheus,2012
1389,Prom Night,2008
1390,Proof,2005
1391,Proof of Life,2000
1392,The Proposal,2009
1393,P.S. I Love You,2007
1394,Public Enemies,2009
1395,The Punisher,2004
1396,Punisher: War Zone,2008
1397,The Purge,2013
1398,The Purge: Anarchy,2014
1399,The Purge: Election Year,2016
1400,The Pursuit of Happyness,2006
1401,Push,2009
1402,Puss in Boots,2011
1403,Quarantine,2008
1404,Queen of the Damned,2002
1405,The Quiet American,2002
1406,Rabbit Hole,2010
1407,Radio,2003
1408,Raise Your Voice,2004
1409,Rambo,2008
1410,Rambo III,1988
1411,Ramona and Beezus,2010
1412,Random Hearts,1999
1413,Rango,2011
1414,Tangled,2010
1415,Ratatouille,2007
1416,The Raven,2012
1417,Ray,2004
1418,The Reader,2008
1419,Ready to Rumble,2000
1420,Wreck-It Ralph,2012
1421,Recess: School's Out,2001
1422,Red 2,2013
1423,Red,2010
1424,Redbelt,2008
1425,Red Dawn,2012
1426,Red Dragon,2002
1427,Red Eye,2005
1428,Redline,2007
1429,Red Riding Hood,2011
1430,Red Tails,2012
1431,Reign of Fire,2002
1432,Reign Over Me,2007
1433,Reindeer Games,2000
1434,Remember Me,2010
1435,Remember the Titans,2000
1436,Reno 911!: Miami,2007
1437,Rent,2005
1438,The Replacements,2000
1439,Repo Men,2010
1440,Resident Evil,2002
1441,Resident Evil: Afterlife,2010
1442,Resident Evil: Retribution,2012
1443,Resident Evil: Apocalypse,2004
1444,Return to Me,2000
1445,Return to Never Land,2002
1446,The Revenant,2015
1447,Revolutionary Road,2008
1448,Ricki and the Flash,2015
1449,Riddick,2013
1450,Ride Along,2014
1451,Ride Along 2,2016
1452,Righteous Kill,2008
1453,The Ring,2002
1454,Rio,2011
1455,Rio 2,2014
1456,R.I.P.D.,2013
1457,The Rise and Fall of Miss Thang,2008
1458,Risen,2016
1459,Rise of the Planet of the Apes,2011
1460,The Rite,2011
1461,The Road,2009
1462,The Road to El Dorado,2000
1463,Road to Perdition,2002
1464,Road Trip,2000
1465,RoboCop,2014
1466,Robots,2005
1467,The Rock,1996
1468,The Rocker,2008
1469,Rocket Science,2007
1470,Rock of Ages,2012
1471,Rocky Balboa,2006
1472,The Adventures of Rocky & Bullwinkle,2000
1473,This is the End,2013
1474,Role Models,2008
1475,Rollerball,2002
1476,Romeo Must Die,2000
1477,The Rookie,2002
1478,The Roommate,2011
1479,Welcome Home Roscoe Jenkins,2008
1480,Royal Kill,2009
1481,The Royal Tenenbaums,2001
1482,Rugrats Go Wild,2003
1483,Rugrats in Paris: The Movie,2000
1484,The Rules of Attraction,2002
1485,Rules of Engagement,2000
1486,The Rum Diary,2011
1487,Run All Night,2015
1488,Runaway Bride,1999
1489,Runaway Jury,2003
1490,The Rundown,2003
1491,Run Fat Boy Run,2008
1492,Runner Runner,2013
1493,The Running Man,1987
1494,Running Scared,2006
1495,Martin Lawrence Live: Runteldat,2002
1496,Rush,2013
1497,Rush Hour 2,2001
1498,Rush Hour 3,2007
1499,RV,2006
1500,Safe Haven,2013
1501,Safe House,2012
1502,Sahara,2005
1503,Salt,2010
1504,San Andreas,2015
1505,Sanctum,2011
1506,The Santa Clause 2,2002
1507,Savages,2012
1508,Saved!,2004
1509,Saving Mr. Banks,2013
1510,Saving Private Ryan,1998
1511,Saw II,2005
1512,Saw III,2006
1513,Saw VI,2009
1514,Saw 3D,2010
1515,Scary Movie,2000
1516,Scary Movie 2,2001
1517,Scary Movie 3,2003
1518,Scary Movie 4,2006
1519,Scary Movie 5,2013
1520,Schindler's List,1993
1521,School for Scoundrels,2006
1522,School of Rock,2003
1523,Scooby-Doo,2002
1524,The Score,2001
1525,The Scorpion King,2002
1526,The Martian,2015
1527,Scott Pilgrim vs. the World,2010
1528,Scouts Guide to the Zombie Apocalypse,2015
1529,Scream 3,2000
1530,Scream 4,2011
1531,Screwed,2000
1532,Seabiscuit,2003
1533,Season of the Witch,2011
1534,Secondhand Lions,2003
1535,Secretariat,2010
1536,The Secret Life of Bees,2008
1537,The Secret of Kells,2010
1538,Kingsman: The Secret Service,2015
1539,Secret Window,2004
1540,Seed of Chucky,2004
1541,Seeking a Friend for the End of the World,2012
1542,See No Evil,2006
1543,Self/Less,2015
1544,Selma,2014
1545,September Dawn,2007
1546,Serenity,2005
1547,Serving Sara,2002
1548,Seven Pounds,2008
1549,Seven Psychopaths,2012
1550,Seventh Son,2015
1551,Sex and the City,2008
1552,Sex and the City 2,2010
1553,Sex Tape,2014
1554,Shallow Hal,2001
1555,Shall We Dance,2004
1556,Shanghai Knights,2003
1557,Shanghai Noon,2000
1558,Shark Night 3D,2011
1559,Shark Tale,2004
1560,Sherlock Holmes,2009
1561,She's the Man,2006
1562,The Shipping News,2001
1563,Shoot 'Em Up,2007
1564,Shooter,2007
1565,Showtime,2002
1566,Shrek,2001
1567,Shrek 2,2004
1568,Shrek the Third,2007
1569,Shrek Forever After,2010
1570,Shutter Island,2010
1571,Sicario,2015
1572,Sicko,2007
1573,Sideways,2004
1574,Signs,2002
1575,The Silence of the Lambs,1991
1576,Silent Hill,2006
1577,Silent Hill: Revelation 3D,2012
1578,Silver Linings Playbook,2012
1579,The Simpsons Movie,2007
1580,Sinbad: Legend of the Seven Seas,2003
1581,Sin City,2005
1582,A Single Man,2009
1583,Sinister,2012
1584,Sinister 2,2015
1585,The Sitter,2011
1586,The Sixth Sense,1999
1587,The Skeleton Key,2005
1588,The Skulls,2000
1589,Sky Captain and the World of Tomorrow,2004
1590,Sky High,2005
1591,Skyline,2010
1592,Slackers,2002
1593,Sleepy Hollow,1999
1594,Slither,2006
1595,Slumdog Millionaire,2008
1596,Small Time Crooks,2000
1597,Smokin' Aces,2007
1598,The Smurfs,2011
1599,The Smurfs 2,2013
1600,Snakes on a Plane,2006
1601,Snow Day,2000
1602,Snow Dogs,2002
1603,Snow Falling on Cedars,1999
1604,Snow Flower and the Secret Fan,2011
1605,Snow White and the Huntsman,2012
1606,The Social Network,2010
1607,Solaris,2002
1608,Solitary Man,2010
1609,Someone Like You,2001
1610,Something Borrowed,2011
1611,Something's Gotta Give,2003
1612,Somewhere,2010
1613,Son of the Mask,2005
1614,The Sorcerer's Apprentice,2010
1615,Sorority Boys,2002
1616,Soul Plane,2004
1617,Soul Surfer,2011
1618,A Sound of Thunder,2005
1619,Source Code,2011
1620,"South Park - Bigger, Longer and Uncut",1999
1621,Southpaw,2015
1622,Space Chimps,2008
1623,Space Cowboys,2000
1624,Spanglish,2004
1625,Sparkle,2012
1626,Speed Racer,2008
1627,Spider,2002
1628,Spider-Man,2002
1629,Spider-Man 2,2004
1630,Spider-Man 3,2007
1631,The Amazing Spider-Man,2012
1632,The Spiderwick Chronicles,2008
1633,Spirit: Stallion of the Cimarron,2002
1634,Splice,2010
1635,The SpongeBob SquarePants Movie,2004
1636,The SpongeBob Movie: Sponge Out of Water,2015
1637,Spring Breakers,2013
1638,Spy Game,2001
1639,Spy Kids,2001
1640,Spy Kids 2: The Island of Lost Dreams,2002
1641,Spy Kids 3D: Game Over,2003
1642,Spy Kids: All the Time in the World,2011
1643,The Spy Next Door,2010
1644,Stardust,2007
1645,Starship Troopers,1997
1646,Starsky and Hutch,2004
1647,Star Trek: Nemesis,2002
1648,Star Trek,2009
1649,Star Trek Into Darkness,2013
1650,Star Wars: The Force Awakens,2015
1651,Stealth,2005
1652,Steamboy,2005
1653,Step Brothers,2008
1654,The Stepfather,2009
1655,The Stepford Wives,2004
1656,Stepmom,1998
1657,Step Up,2006
1658,Step Up 3-D,2010
1659,Step Up Revolution,2012
1660,Stigmata,1999
1661,Still Alice,2015
1662,Stir of Echoes,1999
1663,Stomp the Yard,2007
1664,Stone,2010
1665,Stop-Loss,2008
1666,The Story of Us,1999
1667,Straight Outta Compton,2015
1668,The Strangers,2008
1669,Stranger Than Fiction,2006
1670,Straw Dogs,2011
1671,Street Fighter,1994
1672,Street Kings,2008
1673,Stuart Little,1999
1674,Stuart Little 2,2002
1675,Sucker Punch,2011
1676,Summer of Sam,1999
1677,The Sum of All Fears,2002
1678,Super 8,2011
1679,Superbad,2007
1680,Superman Returns,2006
1681,Man of Steel,2013
1682,Batman v Superman: Dawn of Justice,2016
1683,Super Size Me,2004
1684,Superstar,1999
1685,Super Troopers,2002
1686,"Surfer, Dude",2008
1687,Surrogates,2009
1688,Spy,2015
1689,Suspect Zero,2004
1690,S.W.A.T.,2003
1691,Sweeney Todd: The Demon Barber of Fleet Street,2007
1692,The Sweetest Thing,2002
1693,Sweet Home Alabama,2002
1694,Swept Away,2002
1695,SwimFan,2002
1696,Swing Vote,2008
1697,Swordfish,2001
1698,Syriana,2005
1699,The Tailor of Panama,2001
1700,Taken,2009
1701,Taken 2,2012
1702,Taken 3,2015
1703,Taking Lives,2004
1704,The Taking of Pelham 1 2 3,2009
1705,Taking Woodstock,2009
1706,The Talented Mr. Ripley,1999
1707,The Tale of Despereaux,2008
1708,Tammy,2014
1709,The Legend of Tarzan,2016
1710,Taxi,2004
1711,The Texas Chainsaw Massacre: The Beginning,2006
1712,Team America: World Police,2004
1713,Tears of the Sun,2003
1714,Ted,2012
1715,Ted 2,2015
1716,The Tempest,2010
1717,Tenacious D in: The Pick of Destiny,2006
1718,The Terminal,2004
1719,Terminator 2: Judgment Day,1991
1720,Terminator: Genisys,2015
1721,Terminator 3: Rise of the Machines,2003
1722,Terminator Salvation,2009
1723,The Ghost Writer,2010
1724,The Hateful Eight,2015
1725,The Longest Ride,2015
1726,The Muppets,2011
1727,The Theory of Everything,2014
1728,Just Go With It,2011
1729,There Will Be Blood,2007
1730,The Runaways,2010
1731,The Shallows,2016
1732,The Unknowns,2016
1733,Wes Craven Presents: They,2002
1734,Think Like a Man,2012
1735,Think Like a Man Too,2014
1736,Thirteen,2003
1737,Thirteen Days,2000
1738,The Thirteenth Floor,1999
1739,This Christmas,2007
1740,This Means War,2012
1741,The Thomas Crown Affair,1999
1742,Thor,2011
1743,Thor: The Dark World,2013
1744,3 Days to Kill,2014
1745,Three Kings,1999
1746,The Three Musketeers,2011
1747,The Three Stooges,2012
1748,Three to Tango,1999
1749,Thunderbirds,2004
1750,The Tigger Movie,2000
1751,Timeline,2003
1752,The Time Machine,2002
1753,The Time Traveler's Wife,2009
1754,Teenage Mutant Ninja Turtles,2014
1755,Teenage Mutant Ninja Turtles: Out of the Shadows,2016
1756,TMNT,2007
1757,Lara Croft: Tomb Raider,2001
1758,Lara Croft Tomb Raider: The Cradle of Life,2003
1759,Tomcats,2001
1760,Tooth Fairy,2010
1761,Torque,2004
1762,To Save a Life,2010
1763,Total Recall,2012
1764,The Tourist,2010
1765,Tower Heist,2011
1766,The Town,2010
1767,Town & Country,2001
1768,Neighbors,2014
1769,Toy Story 3,2010
1770,Trainwreck,2015
1771,Traitor,2008
1772,Trance,2013
1773,Transcendence,2014
1774,Transformers,2007
1775,Transformers: Revenge of the Fallen,2009
1776,Transformers: Dark of the Moon,2011
1777,Transformers: Age of Extinction,2014
1778,The Transporter,2002
1779,Transporter 2,2005
1780,Trapped,2002
1781,Love Happens,2009
1782,The Sisterhood of the Traveling Pants,2005
1783,The Sisterhood of the Traveling Pants 2,2008
1784,Treasure Planet,2002
1785,The Tree of Life,2011
1786,Tron Legacy,2010
1787,Tropic Thunder,2008
1788,Troy,2004
1789,True Grit,2010
1790,Turbo,2013
1791,Turistas,2006
1792,Free Birds,2013
1793,The Tuxedo,2002
1794,Twelve,2010
1795,12 Years a Slave,2013
1796,Twilight,2008
1797,Twins,1988
1798,Twisted,2004
1799,Twister,1996
1800,Two for the Money,2005
1801,Two Weeks Notice,2002
1802,U-571,2000
1803,The Ugly Truth,2009
1804,Ultraviolet,2006
1805,Unaccompanied Minors,2006
1806,The Unborn,2009
1807,Unbreakable,2000
1808,Unbroken,2014
1809,The Man From U.N.C.L.E.,2015
1810,Under the Tuscan Sun,2003
1811,Underworld,2003
1812,Underworld: Rise of the Lycans,2009
1813,Underworld Awakening,2012
1814,Undiscovered,2005
1815,Undisputed,2002
1816,Unfaithful,2002
1817,An Unfinished Life,2005
1818,United 93,2006
1819,Unknown,2011
1820,Unleashed,2005
1821,Unstoppable,2010
1822,Mirror Mirror,2012
1823,Whiskey Tango Foxtrot,2016
1824,Vampires Suck,2010
1825,Untraceable,2008
1826,Up,2009
1827,Up in the Air,2009
1828,The Upside of Anger,2005
1829,Uptown Girls,2003
1830,Vacancy,2007
1831,Valentine's Day,2010
1832,Valiant,2005
1833,Valkyrie,2008
1834,Van Helsing,2004
1835,Vanilla Sky,2001
1836,Vanity Fair,2004
1837,Vantage Point,2008
1838,National Lampoon's Van Wilder,2002
1839,Varsity Blues,1999
1840,Unfinished Business,2015
1841,Veer Zaara,2004
1842,Jonah: A VeggieTales Movie,2002
1843,Veronica Guerin,2003
1844,Veronica Mars,2014
1845,Vertical Limit,2000
1846,V for Vendetta,2006
1847,The Village,2004
1848,The Virginity Hit,2010
1849,The Vow,2012
1850,Waiting...,2005
1851,Waiting for Forever,2011
1852,Walk Hard: The Dewey Cox Story,2007
1853,Walking Tall,2004
1854,Walking with Dinosaurs,2013
1855,Walk the Line,2005
1856,A Walk Among the Tombstones,2014
1857,WALL-E,2008
1858,Wallace and Gromit: The Curse of the Were-Rabbit,2005
1859,Wall Street: Money Never Sleeps,2010
1860,The Secret Life of Walter Mitty,2013
1861,Wanted,2008
1862,Warcraft,2016
1863,War Horse,2011
1864,Warm Bodies,2013
1865,Immortals,2011
1866,War of the Worlds,2005
1867,Warrior,2011
1868,The Warrior's Way,2010
1869,War Room,2015
1870,The Watcher,2000
1871,Watchmen,2009
1872,Water & Power,2014
1873,The Waterboy,1998
1874,Water for Elephants,2011
1875,The Way Back,2011
1876,The Weather Man,2005
1877,Wedding Crashers,2005
1878,The Wedding Date,2005
1879,The Wedding Planner,2001
1880,We Don't Live Here Anymore,2004
1881,Welcome to Mooseport,2004
1882,We Own the Night,2007
1883,We're the Millers,2013
1884,Tyler Perry Presents Peeples,2013
1885,We Were Soldiers,2002
1886,What a Girl Wants,2003
1887,What Happens in Vegas,2008
1888,What Lies Beneath,2000
1889,What's the Worst That Could Happen?,2001
1890,What's Your Number?,2011
1891,What to Expect When You're Expecting,2012
1892,What Women Want,2000
1893,When a Stranger Calls,2006
1894,When the Game Stands Tall,2014
1895,Where the Wild Things Are,2009
1896,Whip It,2009
1897,White Chicks,2004
1898,White House Down,2013
1899,White Oleander,2002
1900,Whiteout,2009
1901,Black Mass,2015
1902,The Whole Ten Yards,2004
1903,Tyler Perry's Why Did I Get Married Too?,2010
1904,The Wicker Man,2006
1905,The Wild,2006
1906,Wild Target,2010
1907,The Wild Thornberrys,2002
1908,Wild Wild West,1999
1909,Willard,2003
1910,Wimbledon,2004
1911,Win a Date with Tad Hamilton!,2004
1912,Windtalkers,2002
1913,Because of Winn-Dixie,2005
1914,Winnie the Pooh,2011
1915,Winter's Tale,2014
1916,Without a Paddle,2004
1917,The Wolfman,2010
1918,The Wolf of Wall Street,2013
1919,X-Men Origins: Wolverine,2009
1920,The Wolverine,2013
1921,Woman in Gold,2015
1922,The Women,2008
1923,Wonder Boys,2000
1924,The Words,2012
1925,The World Is Not Enough,1999
1926,The World's End,2013
1927,The World's Fastest Indian,2005
1928,World War Z,2013
1929,The Wrestler,2008
1930,World Trade Center,2006
1931,X-Men: Apocalypse,2016
1932,X2: X-Men United,2003
1933,X-Men: The Last Stand,2006
1934,The X-Files: I Want to Believe,2008
1935,The Night Before,2015
1936,X-Men,2000
1937,X-Men: Days of Future Past,2014
1938,X-Men: First Class,2011
1939,XXX,2002
1940,Divine Secrets of the Ya-Ya Sisterhood,2002
1941,Year One,2009
1942,Yes Man,2008
1943,Yogi Bear,2010
1944,You Again,2010
1945,You Don't Mess with the Zohan,2008
1946,You Got Served,2004
1947,"You, Me and Dupree",2006
1948,Young Adult,2011
1949,The Young Victoria,2009
1950,"Yours, Mine and Ours",2005
1951,Youth in Revolt,2010
1952,You've Got Mail,1998
1953,Zack and Miri Make a Porno,2008
1954,Zathura,2005
1955,Zodiac,2007
1956,Zookeeper,2011
1957,The Legend of Zorro,2005
