Good Night, and Good Luck.
The Goods: Live Hard, Sell Hard
The Good Thief
Gothika
The Grand Budapest Hotel
Gran Torino
Did You Hear About the Morgans?
The Green Inferno
Green Zone
Gridiron Gang
Grown Ups 2
Rise of the Guardians
Legend of the Guardians: The Owls of Ga'Hoole
A Guy Thing
Halloween: Resurrection
Hamlet 2
The Hangover Part III
Hansel and Gretel: Witch Hunters
She's Out of My League
Harold and Kumar Go to White Castle
Harold and Kumar Escape from Guantanamo Bay
A Very Harold & Kumar 3D Christmas
Harry Potter and the Chamber of Secrets
Hart's War
A Haunted House 2
Heaven is for Real
Hellboy II: The Golden Army
Herbie: Fully Loaded
Hercules (2014)
The Legend of Hercules
Here on Earth
Hesher
Highlander: Endgame
High School Musical 3: Senior Year
A History of Violence
The Hitchhiker's Guide to the Galaxy
Hitman: Agent 47
The Human Stain
The Hunger Games: Mockingjay - Part 1
The Hunger Games: Mockingjay - Part 2
The Huntsman: Winter's War
The Hurt Locker
I Am Number Four
Ice Age: The Meltdown
Ice Age: Dawn of the Dinosaurs
Ice Age: Continental Drift
Independence Day: Resurgence
Identity
Identity Thief
I Don't Know How She Does It
If I Stay
Igby Goes Down
I Heart Huckabees
The Secret Life of Pets
I Love You Beth Cooper
I Love You, Phillip Morris
Inception
Indiana Jones and the Kingdom of the Crystal Skull
Indiana Jones and the Last Crusade
Indiana Jones and the Temple of Doom
Inglourious Basterds
Inkheart
Inside Deep Throat
Insidious Chapter 2
Insidious Chapter 3
Isn't She Great
The Divergent Series: Insurgent
The Internship
I Think I Love My Wife
It's Kind of a Funny Story
Jackass: The Movie
Jack Ryan: Shadow Recruit
Jack the Giant Slayer
Jeepers Creepers 2
Jem and the Holograms
